polyA_hook	63e04017-6ba0-4014-97e8-a9d19e71d3e6	100.000	35	0	0	1	35	548	582	4.30e-13	64.4
polyA_hook	b7c182c3-18a3-4af0-b263-0213c2e8177d	100.000	35	0	0	1	35	401	435	4.30e-13	64.4
polyA_hook	f876deb0-d18a-4b3e-b873-9a8048c91307	100.000	35	0	0	1	35	140	106	4.30e-13	64.4
polyA_hook	52bb3404-d9a1-4015-a0dc-ad236c0c0bd3	100.000	35	0	0	1	35	620	654	4.30e-13	64.4
polyA_hook	d5c294c0-b2fe-48e5-bd29-a6be5ba968d8	100.000	35	0	0	1	35	683	717	4.30e-13	64.4
polyA_hook	edae68b5-99ab-4ce7-bf70-6e384752bb76	100.000	35	0	0	1	35	423	457	4.30e-13	64.4
polyA_hook	a620444e-0cb3-4600-8f9f-14d990dc6d9d	100.000	35	0	0	1	35	137	103	4.30e-13	64.4
polyA_hook	337ae86c-7429-495e-903c-cf28c8645f1b	100.000	35	0	0	1	35	152	118	4.30e-13	64.4
polyA_hook	53c920cb-6cae-4fc4-89ac-e4a8831d8788	100.000	35	0	0	1	35	136	102	4.30e-13	64.4
polyA_hook	9d5fc111-ec7f-4cdd-aa5c-8b90cad57486	100.000	35	0	0	1	35	172	138	4.30e-13	64.4
polyA_hook	3b382c08-913c-476f-818f-3eaed6576fba	100.000	35	0	0	1	35	140	106	4.30e-13	64.4
polyA_hook	3b382c08-913c-476f-818f-3eaed6576fba	100.000	34	0	0	2	35	1146	1179	1.50e-12	62.6
polyA_hook	74f7eeee-001e-40d5-91f5-1db64c4f803d	100.000	35	0	0	1	35	435	469	4.30e-13	64.4
polyA_hook	ab840f9c-ce13-47d2-a355-e68571dcb939	100.000	35	0	0	1	35	484	518	4.30e-13	64.4
polyA_hook	0f3e38c5-fa67-42c8-9b41-4659fb442c21	100.000	35	0	0	1	35	351	385	4.30e-13	64.4
polyA_hook	19c8316e-ede0-44ff-9187-8ea0ba7bcb8c	100.000	35	0	0	1	35	408	442	4.30e-13	64.4
polyA_hook	9c403773-dc28-4ea5-9825-8878b0b7f841	100.000	35	0	0	1	35	143	109	4.30e-13	64.4
polyA_hook	b976b413-94bb-4742-b33b-2a625a31b906	100.000	35	0	0	1	35	322	356	4.30e-13	64.4
polyA_hook	c0bf5a3d-383e-43a3-9c0b-b34d9a97efc8	100.000	35	0	0	1	35	137	103	4.30e-13	64.4
polyA_hook	1cd8da86-8eeb-403c-be37-a8c2cbeffeee	100.000	35	0	0	1	35	144	110	4.30e-13	64.4
polyA_hook	1ba49ab6-2d6a-4969-b2c9-c223f79dd4ab	100.000	35	0	0	1	35	1153	1187	4.30e-13	64.4
polyA_hook	96448f0d-02ef-4203-9c61-4e4df1af9c9e	100.000	35	0	0	1	35	151	117	4.30e-13	64.4
polyA_hook	e961cccc-7763-4630-9d98-8222c18a541e	100.000	35	0	0	1	35	145	111	4.30e-13	64.4
polyA_hook	034a702b-afd4-473e-b529-686410c71b23	100.000	35	0	0	1	35	140	106	4.30e-13	64.4
polyA_hook	48567e1b-4f4f-424a-9dbd-2e0df774a6c3	100.000	35	0	0	1	35	141	107	4.30e-13	64.4
polyA_hook	fe7b12c9-0513-4462-a174-a548d685da73	100.000	35	0	0	1	35	339	373	4.30e-13	64.4
polyA_hook	054fe320-2fd2-46e8-aa01-74546700eccb	100.000	35	0	0	1	35	137	103	4.30e-13	64.4
polyA_hook	e7da5ddc-a0ca-4b2a-8a76-2c4006abd3f2	100.000	35	0	0	1	35	475	509	4.30e-13	64.4
polyA_hook	250a6f06-1182-4510-9027-4a1d49b4d40c	100.000	35	0	0	1	35	668	702	4.30e-13	64.4
polyA_hook	9c470635-0b6a-427c-85d1-54f7b7a4e955	100.000	35	0	0	1	35	492	526	4.30e-13	64.4
polyA_hook	e7f72dbe-4a4c-42af-80cd-4a0e34445346	100.000	35	0	0	1	35	143	109	4.30e-13	64.4
polyA_hook	277d42a8-4270-447e-acdc-3d5e5d0c8fb2	100.000	35	0	0	1	35	140	106	4.30e-13	64.4
polyA_hook	87a90483-6656-453a-9de4-927ddd611af2	100.000	35	0	0	1	35	423	457	4.30e-13	64.4
polyA_hook	57c2c960-2757-452f-83de-52543a2e6e29	100.000	35	0	0	1	35	496	530	4.30e-13	64.4
polyA_hook	f1f84944-8016-405e-8d14-b453f0c8d118	100.000	35	0	0	1	35	143	109	4.30e-13	64.4
polyA_hook	ddb54e15-0405-4b5c-bd84-7187d5d12406	100.000	35	0	0	1	35	135	101	4.30e-13	64.4
polyA_hook	822c84b4-3a3e-4092-99ce-1ed42fac6c00	100.000	35	0	0	1	35	480	514	4.30e-13	64.4
polyA_hook	b28db5a2-1de3-49c1-9fa0-7b73867d397b	100.000	35	0	0	1	35	148	114	4.30e-13	64.4
polyA_hook	08b200b2-31e2-4cbf-8328-20a1a9766adb	100.000	35	0	0	1	35	329	363	4.30e-13	64.4
polyA_hook	b63ee02a-27fa-4345-94ba-05eaa0d1805f	100.000	35	0	0	1	35	464	498	4.30e-13	64.4
polyA_hook	6c1d4554-041d-4dcb-83b8-933ef9c3792c	100.000	35	0	0	1	35	477	511	4.30e-13	64.4
polyA_hook	cd2f630b-9a52-44df-b7f9-0131523af139	100.000	35	0	0	1	35	138	104	4.30e-13	64.4
polyA_hook	b4a8c77c-96bf-4bb9-8260-59e98c732594	100.000	35	0	0	1	35	423	457	4.30e-13	64.4
polyA_hook	ec0f08da-9b60-4d51-80f2-d90a7f466ed5	100.000	35	0	0	1	35	233	267	4.30e-13	64.4
polyA_hook	cf665875-db28-4a8d-b938-29eca108dd2c	100.000	35	0	0	1	35	391	425	4.30e-13	64.4
polyA_hook	8ffae381-51a4-4635-9679-806c564a808d	100.000	35	0	0	1	35	391	425	4.30e-13	64.4
polyA_hook	54d33c9f-5172-44bd-b96a-4508c3df420a	100.000	35	0	0	1	35	142	108	4.30e-13	64.4
polyA_hook	445c2f87-b6d0-42d0-af51-09f3c204a2c2	100.000	35	0	0	1	35	141	107	4.30e-13	64.4
polyA_hook	a410e588-d281-4fa2-bd8c-a9a6145c7113	100.000	35	0	0	1	35	155	121	4.30e-13	64.4
polyA_hook	3409ae14-19a3-435b-b681-ebf3351dedd3	100.000	35	0	0	1	35	673	707	4.30e-13	64.4
polyA_hook	bcaca585-bc35-412d-906a-58447dca3e08	100.000	35	0	0	1	35	693	727	4.30e-13	64.4
polyA_hook	5a54098d-7fd7-4ae8-9711-9fd16917c288	100.000	35	0	0	1	35	613	647	4.30e-13	64.4
polyA_hook	0af8b876-3fc6-4bfb-bf3c-c11b6865b6c7	100.000	35	0	0	1	35	405	439	4.30e-13	64.4
polyA_hook	df4be55f-c080-4d16-ae47-31e5a16d96ab	100.000	35	0	0	1	35	450	484	4.30e-13	64.4
polyA_hook	b5a3ea26-d218-4f16-89fe-7f32e406dcbd	100.000	35	0	0	1	35	315	349	4.30e-13	64.4
polyA_hook	407f7f97-d474-4942-9ad1-93c2f62ae891	100.000	35	0	0	1	35	138	104	4.30e-13	64.4
polyA_hook	f368483e-5a89-40e3-a797-80aaef006305	100.000	35	0	0	1	35	630	664	4.30e-13	64.4
polyA_hook	763dc117-26ff-4d4e-bc07-c6fd461199ce	100.000	35	0	0	1	35	304	338	4.30e-13	64.4
polyA_hook	ab130b49-a69f-4fe6-aea3-681c1bd7fb76	100.000	35	0	0	1	35	133	99	4.30e-13	64.4
polyA_hook	20ca03ed-841d-4794-86bd-8e8d69df0649	100.000	35	0	0	1	35	139	105	4.30e-13	64.4
polyA_hook	5715ee5c-d579-4637-94aa-5cfd438b8f76	100.000	35	0	0	1	35	150	116	4.30e-13	64.4
polyA_hook	f86098bf-4fc4-49ea-9884-1a8cf6b25c93	100.000	35	0	0	1	35	420	454	4.30e-13	64.4
polyA_hook	b92e9d53-90dc-409f-9c61-efc7f09d9df6	100.000	35	0	0	1	35	433	467	4.30e-13	64.4
polyA_hook	8c2638e7-732e-4f5f-94db-7f374c32670e	100.000	35	0	0	1	35	557	591	4.30e-13	64.4
polyA_hook	ddbc42ab-2d6a-40af-8311-415209390892	100.000	35	0	0	1	35	356	390	4.30e-13	64.4
polyA_hook	454a644a-0f88-40fb-9976-fe7972640183	100.000	35	0	0	1	35	388	422	4.30e-13	64.4
polyA_hook	17b827c5-77c0-4504-90d1-7486f82f5ad6	100.000	35	0	0	1	35	138	104	4.30e-13	64.4
polyA_hook	aeeab3c2-d180-40b4-bf08-4322abb29848	100.000	35	0	0	1	35	137	103	4.30e-13	64.4
polyA_hook	ae8ef16d-b1d1-4e6d-a284-9a3ec5b61b60	100.000	35	0	0	1	35	422	456	4.30e-13	64.4
polyA_hook	e4123797-f68d-48ab-a1e8-56bef67ce986	100.000	35	0	0	1	35	431	465	4.30e-13	64.4
polyA_hook	d4ee98fd-ff8a-43b4-a59a-338f3e3c387e	100.000	35	0	0	1	35	139	105	4.30e-13	64.4
polyA_hook	356d793d-179e-44ca-8664-121d1bfd5ea4	100.000	35	0	0	1	35	158	124	4.30e-13	64.4
polyA_hook	e135e0bf-3417-4c95-9cad-9239af9fcf89	100.000	35	0	0	1	35	593	627	4.30e-13	64.4
polyA_hook	2f75c874-a7ca-4025-98ba-b8f93c2cfe47	100.000	35	0	0	1	35	1297	1331	4.30e-13	64.4
polyA_hook	5edd441c-b981-4d06-9790-e664ed3b0f29	100.000	35	0	0	1	35	377	411	4.30e-13	64.4
polyA_hook	3e259dd1-9cd8-47b4-a04f-547f7c582850	100.000	35	0	0	1	35	151	117	4.30e-13	64.4
polyA_hook	acdc3c69-8e46-46ce-89e5-a4b0c845578d	100.000	35	0	0	1	35	332	366	4.30e-13	64.4
polyA_hook	376dfc37-57f3-4d13-bc11-6b4cd24393c7	100.000	35	0	0	1	35	132	98	4.30e-13	64.4
polyA_hook	c57b624a-36b4-42cc-a8f8-5db2739a72bb	100.000	35	0	0	1	35	303	337	4.30e-13	64.4
polyA_hook	ccf30704-bf79-4c89-8a8b-9c0d0331ce84	100.000	35	0	0	1	35	151	117	4.30e-13	64.4
polyA_hook	a587d018-cf20-4626-8b0f-c3e519df100a	100.000	35	0	0	1	35	132	98	4.30e-13	64.4
polyA_hook	052693cf-b50a-4e82-b442-1b33a53d7482	100.000	35	0	0	1	35	140	106	4.30e-13	64.4
polyA_hook	f8b3a84f-dcb1-42c6-8940-49134b977eef	100.000	35	0	0	1	35	381	415	4.30e-13	64.4
polyA_hook	36026e24-4feb-4b8e-aad1-4eb03b5db081	100.000	35	0	0	1	35	145	111	4.30e-13	64.4
polyA_hook	13305e66-91b5-4e4b-97d5-309c46ce3d70	100.000	35	0	0	1	35	428	462	4.30e-13	64.4
polyA_hook	e6d7ca93-ab29-4143-8d55-d6748866539f	100.000	35	0	0	1	35	145	111	4.30e-13	64.4
polyA_hook	ebda8e26-b1c5-4294-a782-6295c9e88ac3	100.000	35	0	0	1	35	144	110	4.30e-13	64.4
polyA_hook	93564765-eb38-4bb4-ba78-06b208f7b0e0	100.000	35	0	0	1	35	135	101	4.30e-13	64.4
polyA_hook	0dc87895-3840-4e02-9a6f-4c3659a21540	100.000	35	0	0	1	35	974	1008	4.30e-13	64.4
polyA_hook	23a77555-1004-4fb1-99f2-00d19a0c9b23	100.000	35	0	0	1	35	427	461	4.30e-13	64.4
polyA_hook	e6158fcb-24f3-4f9e-a07a-d0e0fb27cb3c	100.000	35	0	0	1	35	152	118	4.30e-13	64.4
polyA_hook	54ebe4c0-09db-4581-91b2-ed0a0301a2f1	100.000	35	0	0	1	35	142	108	4.30e-13	64.4
polyA_hook	2beaf7e9-8d13-4480-8051-6e3fbd7e0b21	100.000	35	0	0	1	35	149	115	4.30e-13	64.4
polyA_hook	b9a8239d-7523-4c78-99ae-8065e10b3056	100.000	35	0	0	1	35	148	114	4.30e-13	64.4
polyA_hook	a768aaa2-208a-47bc-bc7a-e21f30510584	100.000	35	0	0	1	35	956	990	4.30e-13	64.4
polyA_hook	1f47a022-0772-4c8c-a17e-2a4da231c2ec	100.000	35	0	0	1	35	455	489	4.30e-13	64.4
polyA_hook	74c4d112-ad34-414a-9bcb-d08adee93341	100.000	35	0	0	1	35	126	92	4.30e-13	64.4
polyA_hook	f1498ea9-e27b-4400-a810-753b1e12d7df	100.000	35	0	0	1	35	766	800	4.30e-13	64.4
polyA_hook	15431567-47b0-4def-a7c3-95a579585456	100.000	35	0	0	1	35	977	1011	4.30e-13	64.4
polyA_hook	808339f9-b36b-4c97-81e7-b9de66a54aff	100.000	35	0	0	1	35	537	571	4.30e-13	64.4
polyA_hook	59193284-b4d7-4d52-b806-440e8050ea36	100.000	35	0	0	1	35	147	113	4.30e-13	64.4
polyA_hook	26631221-47ca-45ba-8861-56e62113be23	100.000	35	0	0	1	35	149	115	4.30e-13	64.4
polyA_hook	83c3c383-867d-4b3f-9b78-42edfc189846	100.000	35	0	0	1	35	145	111	4.30e-13	64.4
polyA_hook	b4109c01-5921-48aa-a3b5-774cbaeda53d	100.000	35	0	0	1	35	147	113	4.30e-13	64.4
polyA_hook	a286fb71-0412-4448-9287-69d06f3c2fbf	100.000	35	0	0	1	35	498	532	4.30e-13	64.4
polyA_hook	dbb2fc7b-f874-4285-96bf-787e31604e50	100.000	35	0	0	1	35	142	108	4.30e-13	64.4
polyA_hook	512131d1-4934-4e01-8664-4977aca039f4	100.000	35	0	0	1	35	132	98	4.30e-13	64.4
polyA_hook	cc9055b9-92ea-400f-bea6-8f14db58d44b	100.000	35	0	0	1	35	523	557	4.30e-13	64.4
polyA_hook	a089707c-e458-46da-bc97-f1546871065b	100.000	35	0	0	1	35	545	579	4.30e-13	64.4
polyA_hook	252c9ca9-2d16-49cb-85d5-8513e83b78ca	100.000	35	0	0	1	35	160	126	4.30e-13	64.4
polyA_hook	2e77dbb8-7e61-4ce9-a727-5af3d387d761	100.000	35	0	0	1	35	141	107	4.30e-13	64.4
polyA_hook	a52b0b6d-0ee4-4f23-8eab-1af68f4be543	100.000	35	0	0	1	35	140	106	4.30e-13	64.4
polyA_hook	c3d88834-8651-4cb3-8a09-88dd05505388	100.000	35	0	0	1	35	826	860	4.30e-13	64.4
polyA_hook	718ee7dc-0d09-442e-a334-0ed569bc3457	100.000	35	0	0	1	35	384	418	4.30e-13	64.4
polyA_hook	b6cd092f-8485-452c-b2f6-a1a2754d71c8	100.000	35	0	0	1	35	362	396	4.30e-13	64.4
polyA_hook	10f8fe5a-02bf-45d5-818e-fa8b6732a79c	100.000	35	0	0	1	35	146	112	4.30e-13	64.4
polyA_hook	e0c7cd3a-dd64-42c0-9fe2-4543f52ff9f5	100.000	35	0	0	1	35	490	524	4.30e-13	64.4
polyA_hook	a94d49d2-e196-48b4-b63c-8460fec8a576	100.000	35	0	0	1	35	513	547	4.30e-13	64.4
polyA_hook	d4231688-59ff-424f-b8cd-3748291541a8	100.000	35	0	0	1	35	535	569	4.30e-13	64.4
polyA_hook	c228b0ae-5b3a-4aac-9c60-c3f42ffaaf4c	100.000	35	0	0	1	35	139	105	4.30e-13	64.4
polyA_hook	73836724-32fa-4a7f-9a0c-946b4ff6eb5c	100.000	35	0	0	1	35	143	109	4.30e-13	64.4
polyA_hook	871ca69f-9618-48fe-89b1-aa4ff7a9264f	100.000	35	0	0	1	35	143	109	4.30e-13	64.4
polyA_hook	220e3e2b-6477-46a0-b8ac-98fa06370351	100.000	35	0	0	1	35	139	105	4.30e-13	64.4
polyA_hook	558548f9-4bfd-4329-ad65-fd6f7510095d	100.000	35	0	0	1	35	393	427	4.30e-13	64.4
polyA_hook	8abb4b95-4066-4ce2-bf1c-3dff31e844f8	100.000	35	0	0	1	35	147	113	4.30e-13	64.4
polyA_hook	fd8fc6b3-4981-4e9b-bc56-5a34f83c4754	100.000	35	0	0	1	35	151	117	4.30e-13	64.4
polyA_hook	191a5b97-baa7-4367-b89e-091a76ebb496	100.000	35	0	0	1	35	146	112	4.30e-13	64.4
polyA_hook	05711c82-c913-4202-9342-37290cd6ce64	100.000	35	0	0	1	35	139	105	4.30e-13	64.4
polyA_hook	50df8108-5042-4f9c-afa9-0af30cff39c3	100.000	35	0	0	1	35	151	117	4.30e-13	64.4
polyA_hook	720ec4ce-7ff0-40e3-8d54-f7febb92a0af	100.000	35	0	0	1	35	363	397	4.30e-13	64.4
polyA_hook	c3a95d21-7116-41f7-8810-8a8199c4beec	100.000	35	0	0	1	35	152	118	4.30e-13	64.4
polyA_hook	2fcd7174-463b-465a-94c8-728fa79f6ec5	100.000	35	0	0	1	35	812	846	4.30e-13	64.4
polyA_hook	a1653806-0c58-4492-9e4c-31b2088abb0a	100.000	35	0	0	1	35	136	102	4.30e-13	64.4
polyA_hook	c0288e5b-faf4-427e-84e5-421ffd90dd16	100.000	35	0	0	1	35	533	567	4.30e-13	64.4
polyA_hook	d4d36e25-e3fe-435f-b461-b27315fb4860	100.000	35	0	0	1	35	144	110	4.30e-13	64.4
polyA_hook	bc55f919-34ed-4fc5-ad41-2189833c7b7d	100.000	35	0	0	1	35	362	396	4.30e-13	64.4
polyA_hook	2819af7f-5fc3-43f8-92b6-ea10a03d059b	100.000	35	0	0	1	35	153	119	4.30e-13	64.4
polyA_hook	4bbd78be-8901-42ad-a3ae-27cca882443e	100.000	35	0	0	1	35	126	92	4.30e-13	64.4
polyA_hook	a3e359d1-c68e-4a09-ae4a-6dbd92b8082a	100.000	35	0	0	1	35	147	113	4.30e-13	64.4
polyA_hook	abc5ff0a-696a-4816-a6e3-8e9acce87eec	100.000	35	0	0	1	35	408	442	4.30e-13	64.4
polyA_hook	79d16cd1-50b3-4146-afd3-f775136d0352	100.000	35	0	0	1	35	397	431	4.30e-13	64.4
polyA_hook	a6534222-14e4-47fb-9ce9-61ae484b16d5	100.000	35	0	0	1	35	135	101	4.30e-13	64.4
polyA_hook	6a491cd5-9f25-49fe-8326-b2d93747b268	100.000	35	0	0	1	35	314	348	4.30e-13	64.4
polyA_hook	344d794c-83c7-41b0-963e-a08879ba85dc	100.000	35	0	0	1	35	138	104	4.30e-13	64.4
polyA_hook	d5ef444e-daf7-49b1-9d8f-7124e06f6d04	100.000	35	0	0	1	35	1234	1268	4.30e-13	64.4
polyA_hook	d4cead50-e073-4e49-a09d-bd9400caf7ed	100.000	35	0	0	1	35	526	560	4.30e-13	64.4
polyA_hook	58bebbe3-41b2-4de7-8067-a34495604ca1	100.000	35	0	0	1	35	142	108	4.30e-13	64.4
polyA_hook	e63efaee-628d-48d9-b971-b0390b103d20	100.000	35	0	0	1	35	400	434	4.30e-13	64.4
polyA_hook	4d5d915a-9377-431e-a72c-f41cfb474dbb	100.000	35	0	0	1	35	479	513	4.30e-13	64.4
polyA_hook	499fbc23-b8b6-4aa8-ac80-196733d67677	100.000	35	0	0	1	35	445	479	4.30e-13	64.4
polyA_hook	198a86f4-94c6-4856-9885-440d47aad925	100.000	35	0	0	1	35	638	672	4.30e-13	64.4
polyA_hook	50e160e4-98bf-4525-bdc7-5615f03ddbb3	100.000	35	0	0	1	35	410	444	4.30e-13	64.4
polyA_hook	eec62a45-6c63-47f0-a343-1604c9bf71da	100.000	35	0	0	1	35	549	583	4.30e-13	64.4
polyA_hook	90a6c1a0-5b87-4bf0-a73c-10d91081922b	100.000	35	0	0	1	35	135	101	4.30e-13	64.4
polyA_hook	91765f01-bda3-4763-b580-9c5919650545	100.000	35	0	0	1	35	155	121	4.30e-13	64.4
polyA_hook	f37bff23-bd99-4fff-8171-549fd00975b9	100.000	35	0	0	1	35	326	360	4.30e-13	64.4
polyA_hook	626380d3-f8cb-4f3e-a1a4-33f44af3c5a0	100.000	35	0	0	1	35	356	390	4.30e-13	64.4
polyA_hook	633b444c-a353-463c-a456-6ee0c791c109	100.000	35	0	0	1	35	140	106	4.30e-13	64.4
polyA_hook	7bfee2bd-9f13-41d7-b3dd-a932e2945080	100.000	35	0	0	1	35	143	109	4.30e-13	64.4
polyA_hook	96c5751d-cfb7-41ca-98d5-b4deb3b022a8	100.000	35	0	0	1	35	143	109	4.30e-13	64.4
polyA_hook	6de91e0b-7f6a-4fd9-8320-86311f5ac306	100.000	35	0	0	1	35	118	84	4.30e-13	64.4
polyA_hook	f9eb8e07-50d1-49a4-8e83-9aad82fcd087	100.000	35	0	0	1	35	708	742	4.30e-13	64.4
polyA_hook	d044e11f-be10-4127-8137-6715d01006b3	100.000	35	0	0	1	35	137	103	4.30e-13	64.4
polyA_hook	c356bbc9-38e2-442c-80e5-c63f854a3fe2	100.000	35	0	0	1	35	451	485	4.30e-13	64.4
polyA_hook	094d8e7f-0ae4-4c1b-9186-ddd83257e03b	100.000	35	0	0	1	35	347	381	4.30e-13	64.4
polyA_hook	2e713008-aeb1-4c3e-b908-46804103af53	100.000	35	0	0	1	35	143	109	4.30e-13	64.4
polyA_hook	3f0f434a-a879-47fd-a378-fd4328543f17	100.000	35	0	0	1	35	472	506	4.30e-13	64.4
polyA_hook	671c8083-df07-4c32-a6ee-776abe639be2	100.000	35	0	0	1	35	140	106	4.30e-13	64.4
polyA_hook	9d09343a-34aa-41f9-b733-902fa26bb7f6	100.000	35	0	0	1	35	137	103	4.30e-13	64.4
polyA_hook	370089e0-bcbb-49b9-b31d-8aff1e435695	100.000	35	0	0	1	35	405	439	4.30e-13	64.4
polyA_hook	1de7ed61-3465-4af8-8ba1-dd176048049e	100.000	35	0	0	1	35	145	111	4.30e-13	64.4
polyA_hook	54d04380-29cf-4b20-b91e-35e381665fde	100.000	35	0	0	1	35	133	99	4.30e-13	64.4
polyA_hook	ff7c5792-1041-44c9-9672-01e490f927ff	100.000	35	0	0	1	35	712	746	4.30e-13	64.4
polyA_hook	f04566fa-bb56-4d27-957e-a5f42e50228d	100.000	35	0	0	1	35	141	107	4.30e-13	64.4
polyA_hook	bdf4afd9-4ced-4d27-8780-09159fb435dd	100.000	35	0	0	1	35	144	110	4.30e-13	64.4
polyA_hook	616c72e3-e6ae-4b5b-aabb-a76e65473a6a	100.000	35	0	0	1	35	417	451	4.30e-13	64.4
polyA_hook	3e9b724b-58ac-45c4-b37b-1e337e44348a	100.000	35	0	0	1	35	142	108	4.30e-13	64.4
polyA_hook	8272f0a1-089f-4360-beb0-76fb29fe4089	100.000	35	0	0	1	35	416	450	4.30e-13	64.4
polyA_hook	0f574d73-3572-404a-b102-70c79b116627	100.000	35	0	0	1	35	146	112	4.30e-13	64.4
polyA_hook	6860fde5-1b0b-40c1-a223-f6203e608d5c	100.000	35	0	0	1	35	416	450	4.30e-13	64.4
polyA_hook	53baaf0c-c561-42f7-81de-b024e67e6852	100.000	35	0	0	1	35	437	471	4.30e-13	64.4
polyA_hook	c6426fb9-8ffe-4368-b5dc-77db10e0822e	100.000	35	0	0	1	35	1052	1086	4.30e-13	64.4
polyA_hook	c8700616-64c5-4877-a398-184ffe08eec9	100.000	35	0	0	1	35	419	453	4.30e-13	64.4
polyA_hook	0261a82a-e9fc-4132-8e95-de07d5c79887	100.000	35	0	0	1	35	517	551	4.30e-13	64.4
polyA_hook	a2c556a0-6671-4784-b924-f8eb8e2f9c86	100.000	35	0	0	1	35	144	110	4.30e-13	64.4
polyA_hook	bef6e2cf-f9a9-48ad-8adc-0dd06469be37	100.000	35	0	0	1	35	125	91	4.30e-13	64.4
polyA_hook	063c9bfd-f5ae-4350-87de-02b0d6d01bf3	100.000	35	0	0	1	35	452	486	4.30e-13	64.4
polyA_hook	f7259bbb-c8ab-4109-a425-9f07ddd6879a	100.000	35	0	0	1	35	139	105	4.30e-13	64.4
polyA_hook	05e6828d-c4ad-4b5e-80ba-0175820091c9	100.000	35	0	0	1	35	353	387	4.30e-13	64.4
polyA_hook	7f112da1-447f-4b3f-8ae8-621d9b1334d5	100.000	35	0	0	1	35	337	371	4.30e-13	64.4
polyA_hook	e3cb666a-22dd-4391-886a-29035465ef97	100.000	35	0	0	1	35	145	111	4.30e-13	64.4
polyA_hook	09755591-e931-48ef-9d17-2dad599e7328	100.000	35	0	0	1	35	447	481	4.30e-13	64.4
polyA_hook	73a6ed96-0e26-4599-8619-fa90d5225ceb	100.000	35	0	0	1	35	603	637	4.30e-13	64.4
polyA_hook	60cd591c-3d31-4c88-9d62-af5c2e95250d	100.000	35	0	0	1	35	130	96	4.30e-13	64.4
polyA_hook	684ad49b-0adb-4add-84db-c8eb7896b230	100.000	35	0	0	1	35	135	101	4.30e-13	64.4
polyA_hook	059bc6d9-1146-4b96-9d5b-ac9acc3a9cd5	100.000	35	0	0	1	35	358	392	4.30e-13	64.4
polyA_hook	7891158f-f22b-4727-8abf-8702c0ce674f	100.000	35	0	0	1	35	380	414	4.30e-13	64.4
polyA_hook	3ad2b699-81c3-45fc-a7a6-39cd4c9799bb	100.000	35	0	0	1	35	245	279	4.30e-13	64.4
polyA_hook	185d139c-a113-43f8-96b4-1efc29b8a432	100.000	35	0	0	1	35	142	108	4.30e-13	64.4
polyA_hook	9bce1f13-dd53-4721-a837-ff86311ef188	100.000	35	0	0	1	35	140	106	4.30e-13	64.4
polyA_hook	7f976b54-a701-4610-a6f5-05d8938175e7	100.000	35	0	0	1	35	552	518	4.30e-13	64.4
polyA_hook	f9c3d938-16c7-45db-ab83-1c44afc71694	100.000	35	0	0	1	35	139	105	4.30e-13	64.4
polyA_hook	cd9f8854-4a21-46b9-95bb-9512fd2773e6	100.000	35	0	0	1	35	555	589	4.30e-13	64.4
polyA_hook	9778adf0-ece7-46f0-b3ab-768af982ff02	100.000	35	0	0	1	35	522	556	4.30e-13	64.4
polyA_hook	33daa899-4f7f-49d0-96ac-b7d1871f4586	100.000	35	0	0	1	35	496	530	4.30e-13	64.4
polyA_hook	2540171e-f6d0-4857-8aae-e310e7f81c52	100.000	35	0	0	1	35	307	341	4.30e-13	64.4
polyA_hook	76e87bc0-3706-4589-9246-00711404ea95	100.000	35	0	0	1	35	144	110	4.30e-13	64.4
polyA_hook	ec2e41ca-1c08-4740-819e-c102829527e6	100.000	35	0	0	1	35	142	108	4.30e-13	64.4
polyA_hook	5894bfaa-e6b4-46d2-b69b-78e9d8eb541e	100.000	35	0	0	1	35	151	117	4.30e-13	64.4
polyA_hook	0f4948c6-3199-4bdb-b6f9-13aea903677a	100.000	35	0	0	1	35	650	684	4.30e-13	64.4
polyA_hook	9bbe4cfd-8660-403c-9b1e-215784d2eb8b	100.000	35	0	0	1	35	140	106	4.30e-13	64.4
polyA_hook	16f9a7a4-86e1-4bfd-b9c2-a7e75b65d60b	100.000	35	0	0	1	35	148	114	4.30e-13	64.4
polyA_hook	cf6fcd6b-9997-4b36-b3a7-e9b5cae598d2	100.000	35	0	0	1	35	393	427	4.30e-13	64.4
polyA_hook	86308104-f928-424a-960a-1f8812d95675	100.000	35	0	0	1	35	386	420	4.30e-13	64.4
polyA_hook	dc391688-1548-4df7-9fe7-cdf3c4cdc9be	100.000	35	0	0	1	35	396	430	4.30e-13	64.4
polyA_hook	69d81237-ead3-4ec2-8216-6456e6897e7d	100.000	35	0	0	1	35	548	582	4.30e-13	64.4
polyA_hook	7e3bfbeb-2206-44be-bb0c-22e78b7db2d5	100.000	35	0	0	1	35	451	485	4.30e-13	64.4
polyA_hook	d31872a2-89ac-48d2-b2a9-a3853b882d54	100.000	35	0	0	1	35	153	119	4.30e-13	64.4
polyA_hook	de187e39-f891-4c74-846d-188398afe7fb	100.000	35	0	0	1	35	141	107	4.30e-13	64.4
polyA_hook	0de89543-55cb-4318-825d-560e685cf279	100.000	35	0	0	1	35	132	98	4.30e-13	64.4
polyA_hook	b7059920-10b5-40ca-a203-fb8d2aaae9aa	100.000	35	0	0	1	35	320	354	4.30e-13	64.4
polyA_hook	fdfc0718-3c27-4d55-a2b4-9ed2c685488f	100.000	35	0	0	1	35	147	113	4.30e-13	64.4
polyA_hook	5dbb7473-88f5-48e1-b9ba-5832f66ea919	100.000	35	0	0	1	35	313	347	4.30e-13	64.4
polyA_hook	965350bb-9c5c-44b6-b36d-510993a76185	100.000	35	0	0	1	35	664	698	4.30e-13	64.4
polyA_hook	fdbd785c-33f2-456c-8af7-628919887404	100.000	35	0	0	1	35	148	114	4.30e-13	64.4
polyA_hook	1d702ce6-e2b6-4e34-9e53-ccb099336cea	100.000	35	0	0	1	35	165	131	4.30e-13	64.4
polyA_hook	f64f4056-0982-4961-8bd5-af103399bae8	100.000	35	0	0	1	35	410	444	4.30e-13	64.4
polyA_hook	b9f82704-f6ac-4e83-b111-5e38361dc2dc	100.000	35	0	0	1	35	490	524	4.30e-13	64.4
polyA_hook	7923895d-64ca-47ac-9481-6b913d141c3e	100.000	35	0	0	1	35	431	465	4.30e-13	64.4
polyA_hook	2e6b7e09-bcce-4c4c-a81e-e53ea238d59f	100.000	35	0	0	1	35	815	849	4.30e-13	64.4
polyA_hook	e512a8c8-f95a-47a5-87f5-dfda43a7910e	100.000	35	0	0	1	35	354	388	4.30e-13	64.4
polyA_hook	0bf54f17-bf46-4d2f-b056-d4c9092f7808	100.000	35	0	0	1	35	486	520	4.30e-13	64.4
polyA_hook	fdecc8ce-0871-4d03-b19e-e73c4458d344	100.000	35	0	0	1	35	149	115	4.30e-13	64.4
polyA_hook	be52f756-1632-4bd8-9e33-36c12b305e87	100.000	35	0	0	1	35	426	460	4.30e-13	64.4
polyA_hook	d4c72f70-f971-47c2-bb90-399c37ac2300	100.000	35	0	0	1	35	405	439	4.30e-13	64.4
polyA_hook	eb0f307a-7d45-4c32-9374-1b4aad57282a	100.000	35	0	0	1	35	161	127	4.30e-13	64.4
polyA_hook	3d21cb14-8a4e-4fe9-b42a-d10eeb5aa60f	100.000	35	0	0	1	35	521	555	4.30e-13	64.4
polyA_hook	353e7e21-697b-463d-b384-449c3e6f1637	100.000	35	0	0	1	35	381	415	4.30e-13	64.4
polyA_hook	3db66e77-27b4-4f7c-9f01-06128597dc2d	100.000	35	0	0	1	35	146	112	4.30e-13	64.4
polyA_hook	fbe6eb11-4c85-48f0-b0ce-b6fd13f7aec7	100.000	35	0	0	1	35	145	111	4.30e-13	64.4
polyA_hook	63dc1c50-cbfe-46fc-a296-3450c3010211	100.000	35	0	0	1	35	141	107	4.30e-13	64.4
polyA_hook	8d6b7aa0-03b9-465c-98fe-9527fbd22201	100.000	35	0	0	1	35	542	576	4.30e-13	64.4
polyA_hook	833570a0-f3b8-4e97-bfef-ab770d47fbfc	100.000	35	0	0	1	35	377	411	4.30e-13	64.4
polyA_hook	b7361d9f-44e1-40c3-9ac5-b28144df591f	100.000	35	0	0	1	35	142	108	4.30e-13	64.4
polyA_hook	2524ed92-86d1-4ed4-80d9-df03d78bdb79	100.000	35	0	0	1	35	149	115	4.30e-13	64.4
polyA_hook	12406d0a-0aa3-46ef-b4a3-ffeab80b8234	100.000	35	0	0	1	35	143	109	4.30e-13	64.4
polyA_hook	f95f90cd-c2e7-4a3c-b88d-05fda7f4d3e3	100.000	35	0	0	1	35	434	468	4.30e-13	64.4
polyA_hook	dcdab114-baff-472a-9f1c-f21caac38626	100.000	35	0	0	1	35	479	513	4.30e-13	64.4
polyA_hook	bc5af86e-c380-47a3-8d25-08d3ef1426e3	100.000	35	0	0	1	35	423	457	4.30e-13	64.4
polyA_hook	20f2288c-f83c-43ea-a0b3-0c276de4183e	100.000	35	0	0	1	35	141	107	4.30e-13	64.4
polyA_hook	062d15b7-9e7b-432c-9b31-6d9ab990ed62	100.000	35	0	0	1	35	131	97	4.30e-13	64.4
polyA_hook	23ad3fb5-347b-4385-996e-3460cbf03bad	100.000	35	0	0	1	35	147	113	4.30e-13	64.4
polyA_hook	256afc8c-cd8b-4074-a579-8887254c0bab	100.000	35	0	0	1	35	140	106	4.30e-13	64.4
polyA_hook	538aa2b5-171b-4618-9d6f-d368093ccad9	100.000	35	0	0	1	35	431	465	4.30e-13	64.4
polyA_hook	59770ff7-75ec-448d-8938-86c125621c45	100.000	35	0	0	1	35	740	774	4.30e-13	64.4
polyA_hook	e54d40ae-7e2e-497a-aaa5-9e52dbdf2a8a	100.000	35	0	0	1	35	518	552	4.30e-13	64.4
polyA_hook	1788cc57-ecb1-497c-8a9f-f707fabcbd40	100.000	35	0	0	1	35	647	681	4.30e-13	64.4
polyA_hook	78bb0b29-847e-40bd-8571-ee561a450a9f	100.000	35	0	0	1	35	475	509	4.30e-13	64.4
polyA_hook	f3281940-c59c-463f-9464-f4417a254be9	100.000	35	0	0	1	35	428	462	4.30e-13	64.4
polyA_hook	24760c57-f64b-4e7e-b759-61522d001239	100.000	35	0	0	1	35	146	112	4.30e-13	64.4
polyA_hook	4cc7ca1e-5868-46e0-8012-f13bc7ab93ff	100.000	35	0	0	1	35	152	118	4.30e-13	64.4
polyA_hook	0811d3c4-7044-4eed-92eb-d0a8c20f63cd	100.000	35	0	0	1	35	147	113	4.30e-13	64.4
polyA_hook	c4fcff48-52ea-4e9a-9dee-b87ab1b67cc4	100.000	35	0	0	1	35	155	121	4.30e-13	64.4
polyA_hook	c4fcff48-52ea-4e9a-9dee-b87ab1b67cc4	100.000	35	0	0	1	35	697	663	4.30e-13	64.4
polyA_hook	2b95050c-dc0f-4123-a65f-40028bed469a	100.000	35	0	0	1	35	580	614	4.30e-13	64.4
polyA_hook	ef2f4236-0ee7-4f2f-ac59-a075e64f7286	100.000	35	0	0	1	35	446	480	4.30e-13	64.4
polyA_hook	8bb189c5-93a5-4a2f-91c4-d1aea6f6718a	100.000	35	0	0	1	35	140	106	4.30e-13	64.4
polyA_hook	ca33ceea-b489-40ef-b048-c1fd305f4dba	100.000	35	0	0	1	35	144	110	4.30e-13	64.4
polyA_hook	72720646-746f-4032-aea6-b515cba885b6	100.000	35	0	0	1	35	537	571	4.30e-13	64.4
polyA_hook	282c4dd7-2330-4ddf-bfec-ef61301dec75	100.000	35	0	0	1	35	637	671	4.30e-13	64.4
polyA_hook	a26403d6-e383-478e-a93f-4252dda15410	100.000	35	0	0	1	35	449	483	4.30e-13	64.4
polyA_hook	aa7c1850-9a62-4997-9a1d-5df0a2cdef15	100.000	35	0	0	1	35	429	463	4.30e-13	64.4
polyA_hook	1463e668-91b9-4a9a-be25-1388cba6df94	100.000	35	0	0	1	35	292	326	4.30e-13	64.4
polyA_hook	8adb1a6f-bf77-474d-8407-f45b84f3b415	100.000	35	0	0	1	35	138	104	4.30e-13	64.4
polyA_hook	e3bd5900-e0a3-4af3-b629-0833fc36985c	100.000	35	0	0	1	35	161	127	4.30e-13	64.4
polyA_hook	808db5a6-7de0-4818-af30-8d89d99f509b	100.000	35	0	0	1	35	136	102	4.30e-13	64.4
polyA_hook	5c7df02c-dee7-4df0-86eb-b1264bb17fd5	100.000	35	0	0	1	35	684	718	4.30e-13	64.4
polyA_hook	6e05cd63-78e0-4cd4-993c-380a44558a45	100.000	35	0	0	1	35	142	108	4.30e-13	64.4
polyA_hook	73b2a1bd-6f0e-4bf4-b0ee-c4213751421f	100.000	35	0	0	1	35	439	473	4.30e-13	64.4
polyA_hook	b8c46d19-8556-4e6b-933b-eb1fc992bed4	100.000	35	0	0	1	35	143	109	4.30e-13	64.4
polyA_hook	903815e2-ce22-408a-bd63-668679630d5c	100.000	35	0	0	1	35	615	649	4.30e-13	64.4
polyA_hook	a6cc5d72-f5e4-468a-9800-172c90c3161a	100.000	35	0	0	1	35	149	115	4.30e-13	64.4
polyA_hook	ca2a5a5a-57cc-4980-b1b9-bd45869c4cec	100.000	35	0	0	1	35	600	634	4.30e-13	64.4
polyA_hook	c8706a84-c9b7-4090-b69b-54944d24d500	100.000	35	0	0	1	35	142	108	4.30e-13	64.4
polyA_hook	1b2ee414-da75-41b2-b0c3-382951eac8bd	100.000	35	0	0	1	35	140	106	4.30e-13	64.4
polyA_hook	299993c9-afb4-4af2-99cb-40f18975ed6d	100.000	35	0	0	1	35	153	119	4.30e-13	64.4
polyA_hook	5c14afc2-69fc-4f80-bb70-ad2624ece037	100.000	35	0	0	1	35	515	549	4.30e-13	64.4
polyA_hook	729f2fba-161e-4037-beca-eb7c25eb0cbd	100.000	35	0	0	1	35	696	730	4.30e-13	64.4
polyA_hook	55a78cee-9294-4cb3-9da1-b281a60a7386	100.000	35	0	0	1	35	132	98	4.30e-13	64.4
polyA_hook	5b4abd6c-f2cf-47a3-bb1d-828d24896b47	100.000	35	0	0	1	35	614	648	4.30e-13	64.4
polyA_hook	9cd23936-87b0-4786-bab5-6c6dd8160f4d	100.000	35	0	0	1	35	346	380	4.30e-13	64.4
polyA_hook	8a9bf0d7-fc56-4c34-bb9c-8ab53a165447	100.000	35	0	0	1	35	565	599	4.30e-13	64.4
polyA_hook	3760cb52-9be6-4b6d-904a-8354dfa21579	100.000	35	0	0	1	35	112	78	4.30e-13	64.4
polyA_hook	cc67fb54-ae61-48f6-a8af-bc33f19cca70	100.000	35	0	0	1	35	130	96	4.30e-13	64.4
polyA_hook	9aa29a5f-daa5-4b83-949c-c5d7b9afda8c	100.000	35	0	0	1	35	150	116	4.30e-13	64.4
polyA_hook	e75d82f7-0b56-424d-8f08-29f999b57749	100.000	35	0	0	1	35	136	102	4.30e-13	64.4
polyA_hook	c1a16310-acbf-4da7-8abd-944c7c8d4d92	100.000	35	0	0	1	35	137	103	4.30e-13	64.4
polyA_hook	6ad58296-2b63-4e0e-8941-fa455e6aff69	100.000	35	0	0	1	35	390	424	4.30e-13	64.4
polyA_hook	bfee20cf-f074-482c-95a2-66c898d86026	100.000	35	0	0	1	35	138	104	4.30e-13	64.4
polyA_hook	c2dff01a-3ed5-4465-81d8-23a6da357fe0	100.000	35	0	0	1	35	375	409	4.30e-13	64.4
polyA_hook	584fa886-4eeb-42fd-91f8-c4053927b9df	100.000	35	0	0	1	35	140	106	4.30e-13	64.4
polyA_hook	8ce03507-4465-4b51-9a94-1d813a2afc72	100.000	35	0	0	1	35	704	738	4.30e-13	64.4
polyA_hook	357c8dcc-d7ef-4f2d-9f3b-4704c3ca7b3b	100.000	35	0	0	1	35	142	108	4.30e-13	64.4
polyA_hook	0680a150-c459-4e28-9755-2ef58a5cadb6	100.000	35	0	0	1	35	134	100	4.30e-13	64.4
polyA_hook	2cdc2bcc-5538-4c36-8524-9bae623a66a2	100.000	35	0	0	1	35	139	105	4.30e-13	64.4
polyA_hook	4912642a-e74e-4b31-bec9-4ce83dcd4fac	100.000	35	0	0	1	35	521	555	4.30e-13	64.4
polyA_hook	fc93e45e-3da3-48fc-b1ef-12e7cc02830e	100.000	35	0	0	1	35	359	393	4.30e-13	64.4
polyA_hook	25dfba02-c995-4cfa-962f-43b2cf3defe9	100.000	35	0	0	1	35	453	487	4.30e-13	64.4
polyA_hook	dda8264e-5604-452d-9ffc-fd27010855e8	100.000	35	0	0	1	35	139	105	4.30e-13	64.4
polyA_hook	911bfbdb-aa49-4ffa-acc7-4d06468fba42	100.000	35	0	0	1	35	507	541	4.30e-13	64.4
polyA_hook	e6059e8e-aa86-499c-b73c-bdd35ddbe63b	100.000	35	0	0	1	35	475	509	4.30e-13	64.4
polyA_hook	85c5f8d9-fa26-4cad-8753-255c7c6d36d3	100.000	35	0	0	1	35	552	586	4.30e-13	64.4
polyA_hook	b5a40be4-bcc5-4c62-989b-2f67a809a294	100.000	35	0	0	1	35	642	676	4.30e-13	64.4
polyA_hook	94ec7f00-96b7-4949-946f-0153be3f334e	100.000	35	0	0	1	35	139	105	4.30e-13	64.4
polyA_hook	955b380b-a079-4999-8a35-6c5bc927476e	100.000	35	0	0	1	35	142	108	4.30e-13	64.4
polyA_hook	59d04b74-6c05-4195-9cc6-9908bf54774f	100.000	35	0	0	1	35	473	507	4.30e-13	64.4
polyA_hook	11547280-0632-401a-95a4-df9519531140	100.000	35	0	0	1	35	137	103	4.30e-13	64.4
polyA_hook	517623fc-a8e4-430c-8cd4-c7e8a4be8462	100.000	35	0	0	1	35	147	113	4.30e-13	64.4
polyA_hook	feac45c9-0dac-459d-b058-38221fb98fb8	100.000	35	0	0	1	35	120	86	4.30e-13	64.4
polyA_hook	008980dd-0bba-4ffd-81a9-86f704f1f871	100.000	35	0	0	1	35	381	415	4.30e-13	64.4
polyA_hook	1154e1e0-755d-4575-a7f7-a8bfbefa2b19	100.000	35	0	0	1	35	301	335	4.30e-13	64.4
polyA_hook	836e3eec-265f-4db6-8403-bd624bdf8b8d	100.000	35	0	0	1	35	136	102	4.30e-13	64.4
polyA_hook	78983d46-0f6a-45a3-a902-8785f416d549	100.000	35	0	0	1	35	143	109	4.30e-13	64.4
polyA_hook	93dbdb9d-c52c-4447-a9ae-641f3d23bfd9	100.000	35	0	0	1	35	276	310	4.30e-13	64.4
polyA_hook	1f623883-b80a-4d56-aff7-9544231ba684	100.000	35	0	0	1	35	313	347	4.30e-13	64.4
polyA_hook	fe469b83-179b-489d-830b-c6f37c7aa2be	100.000	35	0	0	1	35	135	101	4.30e-13	64.4
polyA_hook	0bad0788-e904-4503-810c-cec5e3e0ae6e	100.000	35	0	0	1	35	458	492	4.30e-13	64.4
polyA_hook	38a1a921-9f74-4213-b3c2-5ad79e42671e	100.000	35	0	0	1	35	140	106	4.30e-13	64.4
polyA_hook	1682314a-22ec-4914-bdd9-bd91342f511f	100.000	35	0	0	1	35	486	520	4.30e-13	64.4
polyA_hook	94e2960d-693a-4cb1-bd7e-02b54b84aa7b	100.000	35	0	0	1	35	488	522	4.30e-13	64.4
polyA_hook	4e4f3034-a6f4-49b5-a13e-f6ccdfca3a2d	100.000	35	0	0	1	35	554	588	4.30e-13	64.4
polyA_hook	93ae8c9a-f090-4613-a4e7-e6b9603f5a6c	100.000	35	0	0	1	35	125	91	4.30e-13	64.4
polyA_hook	ff383734-7f5f-4de5-b049-affe6271eb90	100.000	35	0	0	1	35	546	580	4.30e-13	64.4
polyA_hook	3c640e1f-318b-496a-baeb-0f0703fd8b9f	100.000	35	0	0	1	35	143	109	4.30e-13	64.4
polyA_hook	72d052ed-f8da-42ee-89f0-f5a9954253ab	100.000	35	0	0	1	35	147	113	4.30e-13	64.4
polyA_hook	ab0140c5-b123-48c1-af27-7a02603467ec	100.000	35	0	0	1	35	146	112	4.30e-13	64.4
polyA_hook	b94d8edc-1dfb-447b-b406-c2b313592d50	100.000	35	0	0	1	35	140	106	4.30e-13	64.4
polyA_hook	7b96de8b-e5bc-46e6-8c9b-4219dd1a065e	100.000	35	0	0	1	35	149	115	4.30e-13	64.4
polyA_hook	68ed3088-6ac0-4100-8f0b-f93cb3f26419	100.000	35	0	0	1	35	331	365	4.30e-13	64.4
polyA_hook	fe8ff88f-011d-4f60-9080-d9b5819ff5dc	100.000	35	0	0	1	35	146	112	4.30e-13	64.4
polyA_hook	74c1da64-f8d8-4a33-899a-b293f7d0b413	100.000	35	0	0	1	35	143	109	4.30e-13	64.4
polyA_hook	18ea3112-c73d-4211-961c-ec7aeadcd03d	100.000	35	0	0	1	35	539	573	4.30e-13	64.4
polyA_hook	09967182-c7a8-41f9-8a79-b3b165a1ab3b	100.000	35	0	0	1	35	314	348	4.30e-13	64.4
polyA_hook	ed82faa4-36ef-4ded-9945-21d02d12c85f	100.000	35	0	0	1	35	961	995	4.30e-13	64.4
polyA_hook	04cbbbe0-1ca1-421a-8b17-7458f05d23da	100.000	35	0	0	1	35	485	519	4.30e-13	64.4
polyA_hook	aad1c06d-5e63-4bfc-b5ec-b68f1d456822	100.000	35	0	0	1	35	349	383	4.30e-13	64.4
polyA_hook	c6c640d6-5b13-4d60-b9f6-040c53ccdbda	100.000	35	0	0	1	35	514	548	4.30e-13	64.4
polyA_hook	4d02423d-3d88-4893-921a-1ecc1e70f3fd	100.000	35	0	0	1	35	141	107	4.30e-13	64.4
polyA_hook	968e2c00-6b33-4466-ba41-115b5d36557f	100.000	35	0	0	1	35	145	111	4.30e-13	64.4
polyA_hook	08c22399-730a-4f51-bde1-be4d0fb769d3	100.000	35	0	0	1	35	401	435	4.30e-13	64.4
polyA_hook	21558959-ed11-4ba5-a7db-51e6880af44b	100.000	35	0	0	1	35	704	738	4.30e-13	64.4
polyA_hook	fc60f9a9-5a42-4d7a-aa77-f4328190d867	100.000	35	0	0	1	35	454	488	4.30e-13	64.4
polyA_hook	cb987a80-563b-4942-94c3-03277117c0e4	100.000	35	0	0	1	35	146	112	4.30e-13	64.4
polyA_hook	1362baa6-c705-49b5-b88a-b98d7fb930f0	100.000	35	0	0	1	35	151	117	4.30e-13	64.4
polyA_hook	862009a2-7cdb-4623-84b1-836d2323721c	100.000	35	0	0	1	35	527	561	4.30e-13	64.4
polyA_hook	3f4a59d7-e533-4b24-9e98-be2fcc286056	100.000	35	0	0	1	35	409	443	4.30e-13	64.4
polyA_hook	cd888136-339e-4046-95d0-7a5d495b6d7d	100.000	35	0	0	1	35	136	102	4.30e-13	64.4
polyA_hook	3ff5d5e4-b8b6-4e46-bd88-900c3c81a062	100.000	35	0	0	1	35	137	103	4.30e-13	64.4
polyA_hook	d62dc271-1111-4f7a-92f2-612fae93df9b	100.000	35	0	0	1	35	141	107	4.30e-13	64.4
polyA_hook	3e6b7998-aca7-4da9-bb3e-6dd46f3d21cc	100.000	35	0	0	1	35	132	98	4.30e-13	64.4
polyA_hook	60b93a55-c925-4467-b01b-8b5277efecc4	100.000	35	0	0	1	35	521	555	4.30e-13	64.4
polyA_hook	e1b33cce-bc4b-418c-94b5-ee81e28db43b	100.000	35	0	0	1	35	134	100	4.30e-13	64.4
polyA_hook	dbd4453f-6701-4609-95ee-fb1b7061e03c	100.000	35	0	0	1	35	145	111	4.30e-13	64.4
polyA_hook	73c4b378-20f7-47f5-a879-7b871156413e	100.000	35	0	0	1	35	712	746	4.30e-13	64.4
polyA_hook	306ae45e-8ba0-4844-800f-544470e2f57e	100.000	35	0	0	1	35	400	434	4.30e-13	64.4
polyA_hook	98ecf0a8-dc8a-4666-97d8-e75c45a66121	100.000	35	0	0	1	35	145	111	4.30e-13	64.4
polyA_hook	da5f2a76-ef05-4a83-803d-09c932d5ff8b	100.000	35	0	0	1	35	703	737	4.30e-13	64.4
polyA_hook	eed7daed-622a-4db2-8bc2-b579d0e5d7a3	100.000	35	0	0	1	35	549	583	4.30e-13	64.4
polyA_hook	d13e5bab-843b-4e90-988c-469117cdf8d4	100.000	35	0	0	1	35	363	397	4.30e-13	64.4
polyA_hook	08f62f5c-afa6-4c1b-92c4-c25350c53038	100.000	35	0	0	1	35	1200	1234	4.30e-13	64.4
polyA_hook	68e23a78-f76d-484a-9a4d-36c1f42ad0f6	100.000	35	0	0	1	35	136	102	4.30e-13	64.4
polyA_hook	237f3546-ecde-42ba-b5b5-b776ef1952d7	100.000	35	0	0	1	35	142	108	4.30e-13	64.4
polyA_hook	7573ba14-a807-47c9-b577-00b5d1ab0691	100.000	35	0	0	1	35	125	91	4.30e-13	64.4
polyA_hook	31f77777-5874-4fb0-a333-fb0503fa32b7	100.000	35	0	0	1	35	224	258	4.30e-13	64.4
polyA_hook	d96e5ab4-9723-489e-a775-3c50c6f8f695	100.000	35	0	0	1	35	1026	1060	4.30e-13	64.4
polyA_hook	4415e366-3386-45f9-8ee0-354230830dfc	100.000	35	0	0	1	35	426	460	4.30e-13	64.4
polyA_hook	05bd49ba-7005-4a7d-b6a1-c8b1b1872664	100.000	35	0	0	1	35	1000	1034	4.30e-13	64.4
polyA_hook	5b2c367f-d34d-4e64-be33-2871f08b308c	100.000	35	0	0	1	35	300	334	4.30e-13	64.4
polyA_hook	86e2d85e-f165-4d4b-b530-76eb11baa141	100.000	35	0	0	1	35	403	437	4.30e-13	64.4
polyA_hook	ee99aa05-b412-43b5-a9d7-90580e82f794	100.000	35	0	0	1	35	143	109	4.30e-13	64.4
polyA_hook	dae183ed-ee27-480d-b002-82d9ba92a6a2	100.000	35	0	0	1	35	147	113	4.30e-13	64.4
polyA_hook	d10fb328-9d65-43bb-a84a-1992275e2617	100.000	35	0	0	1	35	452	486	4.30e-13	64.4
polyA_hook	c3e3d120-3869-4a45-98fa-7eb281b5ed2b	100.000	35	0	0	1	35	738	772	4.30e-13	64.4
polyA_hook	c3e3d120-3869-4a45-98fa-7eb281b5ed2b	100.000	35	0	0	1	35	974	940	4.30e-13	64.4
polyA_hook	671c28bd-4a36-4128-913d-280767d5b9b1	100.000	35	0	0	1	35	693	727	4.30e-13	64.4
polyA_hook	346b756e-3d9f-4f23-9a10-44a9a1fd1c89	100.000	35	0	0	1	35	379	413	4.30e-13	64.4
polyA_hook	fd6306bd-a5f2-4a5c-b54c-0cb145f4c9a0	100.000	35	0	0	1	35	434	468	4.30e-13	64.4
polyA_hook	927381ba-91c2-490a-8d32-b54a5381cbe6	100.000	35	0	0	1	35	142	108	4.30e-13	64.4
polyA_hook	bd2236f6-98a0-47e4-ae9f-6954581b33d1	100.000	35	0	0	1	35	498	532	4.30e-13	64.4
polyA_hook	c6cdef58-abff-44a3-ac13-e10a7474e87e	100.000	35	0	0	1	35	143	109	4.30e-13	64.4
polyA_hook	67637390-d423-4a56-89cf-ba41293ef7fe	100.000	35	0	0	1	35	143	109	4.30e-13	64.4
polyA_hook	70f17049-5432-4adc-826c-de0f406772f2	100.000	35	0	0	1	35	137	103	4.30e-13	64.4
polyA_hook	1a7a0e3c-e127-4586-9b3e-f9c4a582b1ac	100.000	35	0	0	1	35	478	512	4.30e-13	64.4
polyA_hook	f0e6a028-a6bb-4dc9-a5d9-119ef6b753ac	100.000	35	0	0	1	35	148	114	4.30e-13	64.4
polyA_hook	94560a18-c4e0-482e-bb0a-c7247e9356bb	100.000	35	0	0	1	35	139	105	4.30e-13	64.4
polyA_hook	66a0f3af-cdbb-436e-9c85-c04932075eff	100.000	35	0	0	1	35	523	557	4.30e-13	64.4
polyA_hook	a0dd996d-1abb-4499-88dc-69ff102e0464	100.000	35	0	0	1	35	946	980	4.30e-13	64.4
polyA_hook	85c8c9b5-2727-4078-acba-e5837294684e	100.000	35	0	0	1	35	538	572	4.30e-13	64.4
polyA_hook	d859e9d8-548a-4833-9499-64f8b489dd0e	100.000	35	0	0	1	35	553	587	4.30e-13	64.4
polyA_hook	d15dc66d-dee0-4785-a3c3-e61f5c71740b	100.000	35	0	0	1	35	476	510	4.30e-13	64.4
polyA_hook	fdb128d7-2dcf-4463-bea5-d71e03b6b96c	100.000	35	0	0	1	35	574	608	4.30e-13	64.4
polyA_hook	8f8a9211-6eca-4fec-93b9-907e5a22b863	100.000	35	0	0	1	35	517	551	4.30e-13	64.4
polyA_hook	fcf4337c-d1f2-4c14-b8d8-f9fade380438	100.000	35	0	0	1	35	140	106	4.30e-13	64.4
polyA_hook	9d2e5793-e8ba-4057-a78e-c6c5e1377b87	100.000	35	0	0	1	35	150	116	4.30e-13	64.4
polyA_hook	430c19e9-31e1-4d97-a869-ff2c1aec5226	100.000	35	0	0	1	35	477	511	4.30e-13	64.4
polyA_hook	8964a534-7f04-4400-bbf9-f7d7d030bba8	100.000	35	0	0	1	35	147	113	4.30e-13	64.4
polyA_hook	84a2cc30-6d8f-41be-b58d-021cb5ab3302	100.000	35	0	0	1	35	139	105	4.30e-13	64.4
polyA_hook	abd767b7-efd5-47cc-b9f6-3e73f638311b	100.000	35	0	0	1	35	638	672	4.30e-13	64.4
polyA_hook	0d1db94c-72e8-42cf-b309-efcfd6acdd51	100.000	35	0	0	1	35	403	437	4.30e-13	64.4
polyA_hook	b7599cfe-9fe9-4180-b865-637951337f12	100.000	35	0	0	1	35	145	111	4.30e-13	64.4
polyA_hook	d8a28b05-c3a1-4ed3-8abc-3828385aadc2	100.000	35	0	0	1	35	584	618	4.30e-13	64.4
polyA_hook	c617022d-9461-49f7-a227-d228bd37926f	100.000	35	0	0	1	35	499	533	4.30e-13	64.4
polyA_hook	5568ddde-47c8-45f7-bc46-1487dc8d16fc	100.000	35	0	0	1	35	383	417	4.30e-13	64.4
polyA_hook	9fb1c521-c539-4b64-b875-bb81537712b3	100.000	35	0	0	1	35	665	699	4.30e-13	64.4
polyA_hook	05f6a6ac-ec46-4578-8c97-3c30fcea6139	100.000	35	0	0	1	35	315	349	4.30e-13	64.4
polyA_hook	6108be66-ca8c-457a-bb09-46567452cbf8	100.000	35	0	0	1	35	145	111	4.30e-13	64.4
polyA_hook	11bb1661-9137-4887-9e61-f1d64c170e51	100.000	35	0	0	1	35	145	111	4.30e-13	64.4
polyA_hook	4d7b3200-d0d2-49d4-98a3-fcdef3711166	100.000	35	0	0	1	35	696	730	4.30e-13	64.4
polyA_hook	8cdf6fb9-4877-40b1-a899-5d90610a0f0d	100.000	35	0	0	1	35	506	540	4.30e-13	64.4
polyA_hook	c35bf724-6ddb-43e3-a03c-0f82a22398d1	100.000	35	0	0	1	35	139	105	4.30e-13	64.4
polyA_hook	3e1d6bd0-25ec-445b-8104-fa4868d8f4d4	100.000	35	0	0	1	35	314	348	4.30e-13	64.4
polyA_hook	71f23a51-974a-48a0-b64b-db203ee95935	100.000	35	0	0	1	35	140	106	4.30e-13	64.4
polyA_hook	35a22b5b-4780-49b1-b50b-3cfa312fcfb9	100.000	35	0	0	1	35	140	106	4.30e-13	64.4
polyA_hook	258011e6-604b-4ede-8beb-c2c782c792b5	100.000	35	0	0	1	35	140	106	4.30e-13	64.4
polyA_hook	128cab66-47e5-4ec3-85bd-c0942ef5d276	100.000	35	0	0	1	35	337	371	4.30e-13	64.4
polyA_hook	d8894190-9344-4159-93f7-b9057f91d5a5	100.000	35	0	0	1	35	301	335	4.30e-13	64.4
polyA_hook	de580923-fc0c-4590-a9d5-123d6b27f650	100.000	35	0	0	1	35	136	102	4.30e-13	64.4
polyA_hook	9dc8047c-18ee-470f-9803-2fae2ac834b2	100.000	35	0	0	1	35	143	109	4.30e-13	64.4
polyA_hook	9c8fbcfc-e27e-4350-9d81-b5a13116e2e2	100.000	35	0	0	1	35	145	111	4.30e-13	64.4
polyA_hook	1d12c952-13f3-492a-aa34-55a876d752fb	100.000	35	0	0	1	35	206	172	4.30e-13	64.4
polyA_hook	746eff34-7a37-4bcb-8efc-65e7f317adb1	100.000	35	0	0	1	35	129	95	4.30e-13	64.4
polyA_hook	3e185c2f-5c8f-4efa-9ffa-8321e2455190	100.000	35	0	0	1	35	148	114	4.30e-13	64.4
polyA_hook	dae6fab5-7991-401e-be26-d2978451b813	100.000	35	0	0	1	35	153	119	4.30e-13	64.4
polyA_hook	6f080e09-2b7c-4cc2-acff-c76efe3e487f	100.000	35	0	0	1	35	342	376	4.30e-13	64.4
polyA_hook	d4921518-3208-484c-b7b4-ce4d2b9e4f82	100.000	35	0	0	1	35	796	830	4.30e-13	64.4
polyA_hook	8c8cf732-303a-465c-9255-592edc774e33	100.000	35	0	0	1	35	592	626	4.30e-13	64.4
polyA_hook	99dbb03a-c9f8-4565-a6e6-b5e2c06f8e7a	100.000	35	0	0	1	35	581	615	4.30e-13	64.4
polyA_hook	92c75ed8-7064-4b94-a91d-bcc31ebf8e10	100.000	35	0	0	1	35	492	526	4.30e-13	64.4
polyA_hook	49fa6fba-28a3-4889-b324-880e6e80b971	100.000	35	0	0	1	35	278	312	4.30e-13	64.4
polyA_hook	976d29dc-8666-41fe-9fdf-8ec7dbd57ee9	100.000	35	0	0	1	35	151	117	4.30e-13	64.4
polyA_hook	99651ec0-e18e-4dcf-8fbc-400faa04a068	100.000	34	0	0	2	35	545	578	1.50e-12	62.6
polyA_hook	931f568d-90e8-42a1-98a5-cd8fdb89bd4b	100.000	34	0	0	2	35	140	107	1.50e-12	62.6
polyA_hook	fec08e97-094e-401b-8f1b-1dfc3ae72352	100.000	34	0	0	2	35	281	314	1.50e-12	62.6
polyA_hook	03e2316d-92d0-41ce-b552-83f5921b29cf	100.000	34	0	0	2	35	142	109	1.50e-12	62.6
polyA_hook	48d7ec47-9a43-4c0d-8cef-5a784ce67170	100.000	34	0	0	2	35	458	491	1.50e-12	62.6
polyA_hook	09354b76-564b-4d7c-a024-7782c70da96f	100.000	34	0	0	2	35	527	560	1.50e-12	62.6
polyA_hook	abf19590-8705-4d72-8cd8-54abc399fefe	100.000	34	0	0	2	35	142	109	1.50e-12	62.6
polyA_hook	cecfe25e-68eb-4a96-bcef-1f6bcd256771	100.000	34	0	0	2	35	326	359	1.50e-12	62.6
polyA_hook	fb224e77-9930-4b52-b541-006d51740ff7	100.000	34	0	0	2	35	136	103	1.50e-12	62.6
polyA_hook	2311aaf5-2b14-4cfa-a0e9-9e37b12ebd79	100.000	34	0	0	2	35	467	500	1.50e-12	62.6
polyA_hook	425744c9-158f-41bc-8698-25b643eb40b4	100.000	34	0	0	2	35	512	545	1.50e-12	62.6
polyA_hook	10f685c8-10b8-4c4a-8087-32ead0403dc7	100.000	34	0	0	2	35	143	110	1.50e-12	62.6
polyA_hook	e974dc5c-8a3b-4e94-9fe1-0111d3e336a6	100.000	34	0	0	2	35	140	107	1.50e-12	62.6
polyA_hook	fdd18ec7-cd73-4bf3-a454-fe8a2298cfd8	100.000	34	0	0	2	35	144	111	1.50e-12	62.6
polyA_hook	26cd1980-f17b-4d75-9179-6ff6d7370cbe	100.000	34	0	0	2	35	142	109	1.50e-12	62.6
polyA_hook	f67a69fb-95df-4623-838a-b19506de24b9	100.000	34	0	0	2	35	109	76	1.50e-12	62.6
polyA_hook	da6b0e05-7c65-4a6a-a1a1-c5ac7f55d586	100.000	34	0	0	2	35	582	615	1.50e-12	62.6
polyA_hook	e515fb53-9f65-4c8b-91a9-30e2b4b43e96	100.000	34	0	0	2	35	143	110	1.50e-12	62.6
polyA_hook	bdfd8eab-3ecb-4b73-bc49-7da9dd32188e	100.000	34	0	0	2	35	143	110	1.50e-12	62.6
polyA_hook	99483231-3f5a-47b9-8eba-f14b289a561c	100.000	34	0	0	2	35	133	100	1.50e-12	62.6
polyA_hook	fc9bf34a-341d-479e-ac2a-f19ee60a7f84	100.000	34	0	0	2	35	140	107	1.50e-12	62.6
polyA_hook	9c596341-4417-4c0e-8d5a-88313f813759	100.000	34	0	0	2	35	611	644	1.50e-12	62.6
polyA_hook	389cafb2-3196-403f-9a8c-5b7567832ad1	100.000	34	0	0	2	35	147	114	1.50e-12	62.6
polyA_hook	c0c5427e-c563-4570-b695-f190526b8d49	100.000	34	0	0	2	35	146	113	1.50e-12	62.6
polyA_hook	9ca05ccf-3306-41b7-9839-12ee49fdd3d9	100.000	34	0	0	2	35	394	427	1.50e-12	62.6
polyA_hook	b1b43a8c-8b3d-4770-806c-f3c63d3a83b2	100.000	34	0	0	2	35	300	333	1.50e-12	62.6
polyA_hook	3a495484-b73b-4140-8777-768ec1299e87	100.000	34	0	0	2	35	139	106	1.50e-12	62.6
polyA_hook	f3e790e5-45c0-46ae-a4fa-bd46205c6823	100.000	34	0	0	2	35	542	575	1.50e-12	62.6
polyA_hook	94cb8975-4b62-4e95-b355-3663aa051122	100.000	34	0	0	2	35	145	112	1.50e-12	62.6
polyA_hook	56712da4-3776-4b1c-a453-6adbeffa5411	100.000	33	0	0	3	35	137	105	5.24e-12	60.8
polyA_hook	f6fc0257-1f55-410a-9bda-38a5b0c4a29e	100.000	33	0	0	3	35	137	105	5.24e-12	60.8
polyA_hook	b0aa7442-0ebc-43c8-9176-35688e876dce	100.000	33	0	0	3	35	135	103	5.24e-12	60.8
polyA_hook	a67272b0-817b-4830-91ce-009d5eb03b44	100.000	33	0	0	3	35	135	103	5.24e-12	60.8
polyA_hook	5779d3ce-53b6-4772-9a77-dddeca16e432	100.000	33	0	0	3	35	830	862	5.24e-12	60.8
polyA_hook	292f7ab6-cbab-4a2a-a020-75018ea54b2f	100.000	33	0	0	3	35	138	106	5.24e-12	60.8
polyA_hook	18bd162c-0fe4-40ba-b2db-f45805cfee6b	100.000	33	0	0	3	35	437	469	5.24e-12	60.8
polyA_hook	e05bbdad-1919-4bec-8c58-c5e587757f20	100.000	33	0	0	3	35	145	113	5.24e-12	60.8
polyA_hook	e6dc529e-3dba-47e4-a476-cc73dfcb384a	100.000	33	0	0	1	33	137	105	5.24e-12	60.8
polyA_hook	fa0f9d3c-7258-43b8-bfca-01a81b65e3f2	100.000	33	0	0	3	35	478	510	5.24e-12	60.8
polyA_hook	9b795b41-fe41-43b4-b984-987a7bf5fdaf	100.000	33	0	0	1	33	378	410	5.24e-12	60.8
polyA_hook	b893b6d1-3287-4c0d-a92d-e5a0bc76d1fb	100.000	33	0	0	3	35	144	112	5.24e-12	60.8
polyA_hook	7395bfc3-984f-404a-ab78-9a807d950058	100.000	33	0	0	3	35	473	505	5.24e-12	60.8
polyA_hook	185f26c1-f0c2-4879-8f01-69d5cbbeb211	100.000	33	0	0	3	35	131	99	5.24e-12	60.8
polyA_hook	0508c961-8a97-41bd-978f-47aeb7d5736c	100.000	33	0	0	1	33	457	489	5.24e-12	60.8
polyA_hook	74ef0e5e-1022-4927-bc34-b884c3fddccb	100.000	33	0	0	3	35	133	101	5.24e-12	60.8
polyA_hook	6b6c4b5c-3366-44e9-86f3-9b804d63b786	100.000	33	0	0	3	35	140	108	5.24e-12	60.8
polyA_hook	20181492-b83d-439b-a17c-825807402c6b	100.000	33	0	0	3	35	388	420	5.24e-12	60.8
polyA_hook	ea28409f-a157-472a-bee4-17e91b2a1708	100.000	33	0	0	3	35	138	106	5.24e-12	60.8
polyA_hook	bce8e94b-8a1b-4538-a7e7-e3377b77c60c	100.000	33	0	0	3	35	136	104	5.24e-12	60.8
polyA_hook	07dd6054-49f9-4329-b092-d43a910ed7c8	100.000	33	0	0	3	35	142	110	5.24e-12	60.8
polyA_hook	a1cf8993-c68f-4384-9fb7-25b2a953cad2	100.000	33	0	0	1	33	437	469	5.24e-12	60.8
polyA_hook	61834159-f263-4061-aa20-7ca7994e3469	100.000	33	0	0	1	33	1224	1256	5.24e-12	60.8
polyA_hook	beba33e8-606e-4265-8647-0a2fbe198e8e	100.000	33	0	0	1	33	416	448	5.24e-12	60.8
polyA_hook	1222d3c4-350f-4599-b299-10e144181249	100.000	33	0	0	3	35	135	103	5.24e-12	60.8
polyA_hook	34836c26-72fb-4c5d-a44d-95eb4e6497fb	100.000	33	0	0	1	33	437	469	5.24e-12	60.8
polyA_hook	86d82c85-9eba-471d-ab21-b49e150cbc47	100.000	33	0	0	3	35	136	104	5.24e-12	60.8
polyA_hook	c7b49bb0-a682-450c-8706-994031d319ef	100.000	33	0	0	3	35	505	537	5.24e-12	60.8
polyA_hook	0746c0da-5290-47b2-ac35-8f6c20db04f6	100.000	33	0	0	3	35	530	562	5.24e-12	60.8
polyA_hook	ce38819e-f9af-4fab-a180-3ae3ee80ae53	100.000	33	0	0	1	33	746	778	5.24e-12	60.8
polyA_hook	d4172f59-ef1c-40d5-a2b8-48eac5f8ea04	100.000	33	0	0	3	35	136	104	5.24e-12	60.8
polyA_hook	29e86f03-e812-491e-b83d-2519ddc11c97	97.143	35	1	0	1	35	338	372	1.83e-11	59.9
polyA_hook	d44a53dc-73ff-4974-992f-8ce97504ee30	97.143	35	1	0	1	35	308	342	1.83e-11	59.9
polyA_hook	9226adeb-ba2a-49bc-ba4c-f3d2496526e4	97.143	35	1	0	1	35	482	516	1.83e-11	59.9
polyA_hook	987664a8-ab45-4e1c-a051-786415fc0534	97.143	35	1	0	1	35	142	108	1.83e-11	59.9
polyA_hook	8852cd6e-d08a-4179-89fc-ac87abfd37a4	97.143	35	1	0	1	35	139	105	1.83e-11	59.9
polyA_hook	b2047333-b8e5-4f90-a46e-67f2ddde46b1	97.143	35	1	0	1	35	305	339	1.83e-11	59.9
polyA_hook	73143b0f-fba7-4d42-880e-69af50c9355c	97.143	35	1	0	1	35	471	505	1.83e-11	59.9
polyA_hook	47c62b74-83de-42fa-bfa8-2362ef71f44c	97.143	35	1	0	1	35	124	90	1.83e-11	59.9
polyA_hook	3121b30a-fcb0-4044-b511-3e3791f54684	97.143	35	1	0	1	35	149	115	1.83e-11	59.9
polyA_hook	04d359df-432f-4712-905f-43b3f6e2782c	97.143	35	1	0	1	35	574	608	1.83e-11	59.9
polyA_hook	ceeb7784-2cd6-472b-8187-e66433b7aefe	97.143	35	1	0	1	35	762	796	1.83e-11	59.9
polyA_hook	1f8e06e3-3e7e-40b9-9d86-9686c278ff86	97.143	35	1	0	1	35	140	106	1.83e-11	59.9
polyA_hook	ab1c0efa-c2c9-434b-be8a-3ad4231123f5	97.143	35	1	0	1	35	146	112	1.83e-11	59.9
polyA_hook	b4202ef2-405e-40a2-b772-1811fa4fe236	97.143	35	1	0	1	35	345	379	1.83e-11	59.9
polyA_hook	2b536374-d326-48e3-bd64-1e98f9e269f0	97.143	35	1	0	1	35	140	106	1.83e-11	59.9
polyA_hook	61ff52ad-cdab-4823-849b-1f252cf4650a	97.143	35	1	0	1	35	492	526	1.83e-11	59.9
polyA_hook	3175026b-62f0-4e9f-9410-1d9531bce3e3	97.143	35	1	0	1	35	147	113	1.83e-11	59.9
polyA_hook	bb6ffce6-d1e6-4b64-8283-07b814dfa6f8	97.143	35	1	0	1	35	465	499	1.83e-11	59.9
polyA_hook	1b2c542f-0156-40d3-9dce-42a647339148	97.143	35	1	0	1	35	142	108	1.83e-11	59.9
polyA_hook	18942d03-189c-4662-9f5f-362dbef20f69	97.143	35	1	0	1	35	153	119	1.83e-11	59.9
polyA_hook	2a63055d-c493-4235-abd7-820736366458	97.143	35	1	0	1	35	137	103	1.83e-11	59.9
polyA_hook	1f7ed03a-0d0a-47d7-a43d-267d9279ff2f	97.143	35	1	0	1	35	146	112	1.83e-11	59.9
polyA_hook	1e56bd7a-9387-4a32-bf2b-dabc9e99e11e	97.143	35	1	0	1	35	140	106	1.83e-11	59.9
polyA_hook	27456bb1-405e-46b9-9bb2-2b1ddc49b901	97.143	35	1	0	1	35	541	575	1.83e-11	59.9
polyA_hook	2d47779c-deeb-4da4-911e-3d82b1a10a58	97.143	35	1	0	1	35	144	110	1.83e-11	59.9
polyA_hook	d5bf2a1f-d7c1-481e-b6bf-a3c2e23ed65c	97.143	35	1	0	1	35	149	115	1.83e-11	59.9
polyA_hook	ca3c72c2-6d36-479b-a47c-c9196c06d93d	97.143	35	1	0	1	35	473	507	1.83e-11	59.9
polyA_hook	083cc0c4-fd61-4f90-a591-c65d37d26cc8	97.143	35	1	0	1	35	400	434	1.83e-11	59.9
polyA_hook	939d9352-86a1-47bd-a17b-1105f7da3659	97.143	35	1	0	1	35	364	398	1.83e-11	59.9
polyA_hook	489b6716-c8de-455b-a135-52e3480f5526	97.143	35	1	0	1	35	802	836	1.83e-11	59.9
polyA_hook	c1b35349-5f4c-4c40-97b6-f9b8f7c4e0b3	97.143	35	1	0	1	35	755	789	1.83e-11	59.9
polyA_hook	c91febb9-78a0-4bd5-9cf0-883113a97943	97.143	35	1	0	1	35	390	424	1.83e-11	59.9
polyA_hook	3a7d7929-bf04-4442-b55a-ea618f04507c	97.143	35	1	0	1	35	137	103	1.83e-11	59.9
polyA_hook	a6005577-0f1e-422c-88d5-0fc9cdff8bed	97.143	35	1	0	1	35	145	111	1.83e-11	59.9
polyA_hook	5ee3d564-5645-47a5-b50e-631a98128932	97.143	35	1	0	1	35	492	526	1.83e-11	59.9
polyA_hook	79563202-3812-4294-8bb3-7d6654bf6582	97.143	35	1	0	1	35	143	109	1.83e-11	59.9
polyA_hook	2f4b2791-59e3-428d-a8a2-ae03b4e8ce76	97.143	35	1	0	1	35	139	105	1.83e-11	59.9
polyA_hook	bae70286-8239-401f-a60f-337320426340	97.143	35	1	0	1	35	387	421	1.83e-11	59.9
polyA_hook	8d5b8cb5-65a7-4cd7-b6e8-40b9f4a659c7	97.143	35	1	0	1	35	491	525	1.83e-11	59.9
polyA_hook	70a02c49-b113-493e-a343-d756007554a9	97.143	35	1	0	1	35	152	118	1.83e-11	59.9
polyA_hook	4577c7af-89a9-4946-a968-27bf7eb70484	97.143	35	1	0	1	35	419	453	1.83e-11	59.9
polyA_hook	f9395435-3690-4cdf-8672-065be5787a51	97.143	35	1	0	1	35	322	356	1.83e-11	59.9
polyA_hook	a33a4f75-1230-4caa-9027-68fe371fac15	97.143	35	1	0	1	35	506	540	1.83e-11	59.9
polyA_hook	71c50e51-b990-42da-86db-c9bf96936feb	97.143	35	1	0	1	35	144	110	1.83e-11	59.9
polyA_hook	ef32e491-aa0b-4db3-8ba7-6f7ca2146686	97.143	35	1	0	1	35	142	108	1.83e-11	59.9
polyA_hook	4ac8454e-b20d-4b18-8084-0a92931eb65c	97.143	35	1	0	1	35	548	582	1.83e-11	59.9
polyA_hook	8475c92e-2ea0-47ed-a434-c34a6e584119	97.143	35	1	0	1	35	451	485	1.83e-11	59.9
polyA_hook	2bba7996-d77d-41a9-b039-0c96d1aa1094	97.143	35	1	0	1	35	148	114	1.83e-11	59.9
polyA_hook	fe0e5a6b-544a-459e-9324-f1038f702780	97.143	35	1	0	1	35	594	628	1.83e-11	59.9
polyA_hook	e62deb1d-b59c-4f8a-9bda-4a69d3750bbc	97.143	35	1	0	1	35	144	110	1.83e-11	59.9
polyA_hook	77a23284-8b0c-4830-a6b6-7df3c029a486	97.143	35	1	0	1	35	402	436	1.83e-11	59.9
polyA_hook	e2e3d694-bc55-46ca-b845-ec33c5fafda1	97.143	35	1	0	1	35	372	406	1.83e-11	59.9
polyA_hook	b066f69a-4698-4898-ad43-e1ecb2b4b5ab	97.143	35	1	0	1	35	144	110	1.83e-11	59.9
polyA_hook	e61fdbfd-bcb3-4c9b-b34b-8e9f6c952c58	97.143	35	1	0	1	35	143	109	1.83e-11	59.9
polyA_hook	887466c4-0f82-4e77-8c17-eee7955000e9	100.000	32	0	0	4	35	132	101	1.83e-11	59.0
polyA_hook	249852be-15cb-4864-b57e-0c73d6252d79	100.000	32	0	0	1	32	415	446	1.83e-11	59.0
polyA_hook	d394feaf-f483-4df8-aa47-1225ebe71ca3	100.000	32	0	0	4	35	369	400	1.83e-11	59.0
polyA_hook	1d33071f-ce50-46b6-a9ff-619ee1319576	100.000	32	0	0	4	35	143	112	1.83e-11	59.0
polyA_hook	80171107-4d76-433e-a7bb-c97185d52b55	100.000	32	0	0	1	32	556	587	1.83e-11	59.0
polyA_hook	fde0ac8e-69a1-493c-8fbe-4833f57708d7	100.000	32	0	0	4	35	132	101	1.83e-11	59.0
polyA_hook	68cab46a-0f71-4b92-871c-661b218fdf29	100.000	32	0	0	4	35	146	115	1.83e-11	59.0
polyA_hook	1d7b434c-44be-4e62-bff9-7ea541a7360b	100.000	32	0	0	4	35	178	209	1.83e-11	59.0
polyA_hook	cf90da96-c703-4405-8368-47f0123decdd	100.000	32	0	0	1	32	135	104	1.83e-11	59.0
polyA_hook	f68b3e19-6e69-474a-a1dd-d2dd282cd1fe	100.000	32	0	0	4	35	373	404	1.83e-11	59.0
polyA_hook	eacbdce9-0702-4756-8cb5-6cd46d5cc069	100.000	32	0	0	1	32	563	594	1.83e-11	59.0
polyA_hook	da14dc20-12f6-4764-b0e8-9ca0b5a8e5f6	100.000	32	0	0	2	33	144	113	1.83e-11	59.0
polyA_hook	4babd002-88a7-44ee-9090-826e9fb01d0e	100.000	32	0	0	4	35	583	614	1.83e-11	59.0
polyA_hook	59c8ae9d-a1a0-470f-8f70-e93ed71774bc	100.000	32	0	0	4	35	133	102	1.83e-11	59.0
polyA_hook	85763665-0b6a-40af-ae0d-bab56e95ce99	100.000	32	0	0	1	32	673	704	1.83e-11	59.0
polyA_hook	4baab7a1-4704-4b04-9fdd-a4a1cf96b05f	100.000	32	0	0	1	32	144	113	1.83e-11	59.0
polyA_hook	b7192102-0a94-4192-8a69-6b9186537695	100.000	32	0	0	1	32	429	460	1.83e-11	59.0
polyA_hook	4739abe6-0a77-4d5a-b82e-bc1366c162c1	100.000	32	0	0	4	35	144	113	1.83e-11	59.0
polyA_hook	454badf5-900a-417e-b247-ae9fa16967c9	100.000	32	0	0	1	32	472	503	1.83e-11	59.0
polyA_hook	43284d35-0866-4155-b9aa-addddb5f43e0	97.222	36	0	1	1	35	141	106	6.39e-11	58.1
polyA_hook	52cc2003-9587-455d-9986-5afd38e2766c	97.222	36	0	1	1	35	151	116	6.39e-11	58.1
polyA_hook	86dfea88-5c4c-460e-8f01-53af2b2af9d1	97.222	36	0	1	1	35	461	496	6.39e-11	58.1
polyA_hook	bb84bc27-f105-4351-b745-d640c92fdfec	97.222	36	0	1	1	35	138	103	6.39e-11	58.1
polyA_hook	3f013a87-8008-4ea5-aa70-cad33db2e241	97.222	36	0	1	1	35	146	111	6.39e-11	58.1
polyA_hook	470b6fe1-7baa-4742-9232-11100367b6c3	97.222	36	0	1	1	35	146	111	6.39e-11	58.1
polyA_hook	0c552d26-643b-42a9-b168-cf265abf37a3	97.222	36	0	1	1	35	146	111	6.39e-11	58.1
polyA_hook	7b763646-af8e-40fd-a59d-24ee3baa14fe	97.222	36	0	1	1	35	134	99	6.39e-11	58.1
polyA_hook	8bd43fe0-0776-4661-8ee7-d2b4dabd877e	97.222	36	0	1	1	35	738	773	6.39e-11	58.1
polyA_hook	daf4b18c-6b12-470d-9876-48440269f24d	97.222	36	0	1	1	35	144	109	6.39e-11	58.1
polyA_hook	44e71aff-73c0-4cac-b819-29103276dff1	97.222	36	0	1	1	35	135	100	6.39e-11	58.1
polyA_hook	2053dc6e-13ad-4d2e-b26e-a2cb377fb359	97.059	34	1	0	1	34	162	129	6.39e-11	58.1
polyA_hook	f7ace4cb-ccb0-4c8c-ab7a-56096e028e72	97.222	36	0	1	1	35	148	113	6.39e-11	58.1
polyA_hook	d26acbb1-473d-4b56-8d04-bf921a035b63	97.222	36	0	1	1	35	477	512	6.39e-11	58.1
polyA_hook	56cc5825-423b-4685-9358-a0be42e02f77	100.000	31	0	0	5	35	431	461	6.39e-11	57.2
polyA_hook	e0a41701-18e7-49ed-adc6-a183457cbc66	100.000	31	0	0	1	31	518	548	6.39e-11	57.2
polyA_hook	8d4f700b-693d-42b9-bab2-5dcedc94519d	100.000	31	0	0	5	35	133	103	6.39e-11	57.2
polyA_hook	e8339661-8a05-4af8-8d3f-bcb1282ae21e	100.000	31	0	0	2	32	136	106	6.39e-11	57.2
polyA_hook	0dc89bde-6b16-45df-a690-e0256b670ae3	100.000	31	0	0	1	31	327	357	6.39e-11	57.2
polyA_hook	1862f7ed-0669-4144-a9b1-e1052cfd85f8	100.000	31	0	0	5	35	135	105	6.39e-11	57.2
polyA_hook	75a173a6-18ca-4cc7-8a86-136d4b4c8da4	100.000	31	0	0	5	35	475	505	6.39e-11	57.2
polyA_hook	14cca940-ab5c-45f4-907f-23fdbea866ba	100.000	31	0	0	5	35	134	104	6.39e-11	57.2
polyA_hook	8b5e13e0-b430-4b72-a62d-99b104af8c35	100.000	31	0	0	5	35	645	675	6.39e-11	57.2
polyA_hook	310d6f03-19f8-4f7c-9e26-2128ca4eef0f	100.000	31	0	0	2	32	416	446	6.39e-11	57.2
polyA_hook	56fc1bdf-60bd-4454-911f-37873d83b17c	100.000	31	0	0	5	35	138	108	6.39e-11	57.2
polyA_hook	7f30ca83-8b31-4862-aaf6-7fc11744d2f4	100.000	31	0	0	5	35	144	114	6.39e-11	57.2
polyA_hook	3e4dbf5f-78d6-4bc5-9594-097ccd47d877	100.000	31	0	0	5	35	672	702	6.39e-11	57.2
polyA_hook	c0043d73-ebdd-40eb-b93d-041bd96657bc	100.000	31	0	0	5	35	143	113	6.39e-11	57.2
polyA_hook	bc54fced-84ef-4d99-a1d3-887ae06ffafc	96.970	33	1	0	1	33	151	119	2.23e-10	56.3
polyA_hook	8ed87841-5398-4f61-bc53-e00d51eb6c83	97.143	35	0	1	1	35	618	651	2.23e-10	56.3
polyA_hook	9206d1c8-3eb3-4307-b383-9261163446dc	97.143	35	0	1	1	35	140	107	2.23e-10	56.3
polyA_hook	13825bdc-6f26-46bb-b194-9efaef16ce55	97.143	35	0	1	1	35	357	390	2.23e-10	56.3
polyA_hook	643bc936-585a-4e95-b9a1-84c1e7061b95	96.970	33	1	0	1	33	136	104	2.23e-10	56.3
polyA_hook	7aea520f-c164-47ce-931f-f5e81b682ae5	97.143	35	0	1	1	35	147	114	2.23e-10	56.3
polyA_hook	810bf56e-b3d9-49bc-a63a-f5c0176e2982	97.143	35	0	1	1	35	471	504	2.23e-10	56.3
polyA_hook	62830c97-f259-4170-a2aa-7cecbbf514f5	96.970	33	1	0	1	33	146	114	2.23e-10	56.3
polyA_hook	c17203c0-7995-45b1-b8c4-9566fb664703	97.143	35	0	1	1	35	141	108	2.23e-10	56.3
polyA_hook	d10ef4e0-83c3-4447-9c5d-9289803dd455	96.970	33	1	0	3	35	133	101	2.23e-10	56.3
polyA_hook	dcd22949-b971-4b25-b8c3-63620f93a550	97.143	35	0	1	1	35	136	103	2.23e-10	56.3
polyA_hook	0848f952-d513-4867-8a61-80ba91114fd8	96.970	33	1	0	3	35	128	96	2.23e-10	56.3
polyA_hook	31ef3470-0026-43b3-9137-de47bca0a437	96.970	33	1	0	1	33	629	661	2.23e-10	56.3
polyA_hook	47c3934e-f231-4d41-9882-95ee58d8fe11	94.595	37	0	1	1	35	361	397	2.23e-10	56.3
polyA_hook	cd1b4c55-271d-4080-a675-d8166451e1da	96.970	33	1	0	1	33	408	440	2.23e-10	56.3
polyA_hook	fe217210-e406-49a5-8764-6e1fa7295562	97.143	35	0	1	2	35	142	108	2.23e-10	56.3
polyA_hook	6e2ef4bd-17f3-437c-80d4-8cbd7dfb6066	97.143	35	0	1	1	35	137	104	2.23e-10	56.3
polyA_hook	20863673-d914-47d1-8a7f-ea955efdb91a	96.970	33	1	0	3	35	441	473	2.23e-10	56.3
polyA_hook	3060538d-6683-4f49-80db-7b0f339da847	96.970	33	1	0	3	35	984	1016	2.23e-10	56.3
polyA_hook	6cfc2e4c-184e-47b6-a162-0ccd3e34d7c7	97.143	35	0	1	1	35	141	108	2.23e-10	56.3
polyA_hook	2c6a6e7f-7a14-4c86-850b-ad516d9d5888	97.143	35	0	1	1	35	150	117	2.23e-10	56.3
polyA_hook	5a6fb9ec-5189-4a36-a51b-83cf0e9409c8	97.143	35	0	1	1	35	149	116	2.23e-10	56.3
polyA_hook	dd4aac23-a53a-4c30-b7cc-76a1ec9a99ae	97.143	35	0	1	1	35	137	104	2.23e-10	56.3
polyA_hook	e04aed22-62ad-4b63-b5c5-a2f32adf6efb	94.595	37	0	1	1	35	451	487	2.23e-10	56.3
polyA_hook	304ed2da-b086-4f56-8bcf-d470ea6f9724	97.143	35	0	1	1	35	147	114	2.23e-10	56.3
polyA_hook	7f916e81-75a1-40a0-a24a-1e344de4eed0	96.970	33	1	0	3	35	142	110	2.23e-10	56.3
polyA_hook	3f2b5274-f528-4914-a286-2e7d611df9c4	96.970	33	1	0	1	33	135	103	2.23e-10	56.3
polyA_hook	c4e5b15c-dec9-4ca8-abe8-4d44ec737c97	97.143	35	0	1	1	35	149	116	2.23e-10	56.3
polyA_hook	8518bc06-7b9d-4281-b7fb-2b4275e28765	94.595	37	0	1	1	35	139	103	2.23e-10	56.3
polyA_hook	cba5ec8f-e5b2-40a4-afaf-407c49cb0439	96.970	33	1	0	3	35	134	102	2.23e-10	56.3
polyA_hook	4fae30cf-728c-496d-adca-446230e87374	94.286	35	2	0	1	35	423	457	2.23e-10	55.4
polyA_hook	b39c2a9f-c87e-447e-84fb-8dee34b13c15	94.286	35	2	0	1	35	544	578	2.23e-10	55.4
polyA_hook	de802b55-cf3d-45c6-a950-38d7defa173f	94.286	35	2	0	1	35	147	113	2.23e-10	55.4
polyA_hook	7216ef5d-f3b0-4a30-a6aa-a98716bb12de	94.286	35	2	0	1	35	257	291	2.23e-10	55.4
polyA_hook	2af91199-24f1-446b-ab20-e8c1fd44f882	100.000	30	0	0	1	30	145	116	2.23e-10	55.4
polyA_hook	80effb4a-2076-4f82-a254-7a4decdbf88e	100.000	30	0	0	1	30	138	109	2.23e-10	55.4
polyA_hook	94d5590b-6823-4149-bf27-10579fc0e24a	94.286	35	2	0	1	35	144	110	2.23e-10	55.4
polyA_hook	320a13ae-c43b-46d7-b9f2-5b8bfe2e81c5	100.000	30	0	0	6	35	141	112	2.23e-10	55.4
polyA_hook	88ed5bb0-ef62-4b52-9473-a2b9e66972be	94.286	35	2	0	1	35	560	594	2.23e-10	55.4
polyA_hook	0c83a61c-7efd-44e7-b2d8-8f8334d58693	94.286	35	2	0	1	35	212	246	2.23e-10	55.4
polyA_hook	c1add153-f612-46c8-8270-2aa49e6b013f	94.286	35	2	0	1	35	231	265	2.23e-10	55.4
polyA_hook	8a848afb-d2b9-4f3e-a668-f32a2e1a0b40	94.286	35	2	0	1	35	1159	1193	2.23e-10	55.4
polyA_hook	10ea11eb-5757-4d33-b988-25e5dd1f9a24	100.000	30	0	0	1	30	746	775	2.23e-10	55.4
polyA_hook	9a7f2107-40c4-4652-a38d-7fcfdb08fe01	100.000	30	0	0	6	35	559	588	2.23e-10	55.4
polyA_hook	eb2f4ead-a9e3-491e-be74-ba776cb7dd93	94.286	35	2	0	1	35	822	856	2.23e-10	55.4
polyA_hook	b7d404eb-1674-4875-aed2-8e2a5742ce62	94.286	35	2	0	1	35	390	424	2.23e-10	55.4
polyA_hook	0086d8fc-eaf1-4984-abfb-9da7035c8867	100.000	30	0	0	6	35	363	392	2.23e-10	55.4
polyA_hook	e67a62a7-7526-487e-b4fe-7b7659a17f22	100.000	30	0	0	6	35	142	113	2.23e-10	55.4
polyA_hook	e141b6a1-0bf0-4fa9-8101-31076eef5bd8	94.286	35	2	0	1	35	144	110	2.23e-10	55.4
polyA_hook	ce10be98-2ef8-428b-b59f-6a20526449b8	94.286	35	2	0	1	35	121	87	2.23e-10	55.4
polyA_hook	d8fcd532-73c2-4bfa-b2ab-3221ae36f09a	100.000	30	0	0	6	35	595	624	2.23e-10	55.4
polyA_hook	a38460d7-552c-48b5-bb94-6eefca374fe5	94.286	35	2	0	1	35	852	886	2.23e-10	55.4
polyA_hook	120d637c-e39d-46a6-83b6-e835d22474fa	94.286	35	2	0	1	35	363	397	2.23e-10	55.4
polyA_hook	9fd8b06b-d72e-4a1b-8e81-1eba9f190e84	100.000	30	0	0	1	30	357	386	2.23e-10	55.4
polyA_hook	d3ec6492-de6d-45dd-a4cd-cf4bd8de4e58	100.000	30	0	0	6	35	133	104	2.23e-10	55.4
polyA_hook	ca0d4c1d-7d44-46a4-bcf6-5ccecfae2e96	100.000	30	0	0	6	35	140	111	2.23e-10	55.4
polyA_hook	fc08aa7e-c87b-4758-82bb-6f5acbfeb3d3	100.000	30	0	0	1	30	422	451	2.23e-10	55.4
polyA_hook	92cfe6eb-2306-4fbd-8a22-deeed8d7421f	100.000	30	0	0	1	30	406	435	2.23e-10	55.4
polyA_hook	64fa92cf-3068-4c63-8496-d64d53372771	100.000	30	0	0	4	33	357	386	2.23e-10	55.4
polyA_hook	b3d0e10c-391c-4e87-85c5-56d8a4bebbec	94.286	35	2	0	1	35	142	108	2.23e-10	55.4
polyA_hook	bfe62452-0b9d-4a41-a15b-5113fbfccdd0	100.000	30	0	0	6	35	422	451	2.23e-10	55.4
polyA_hook	0884ab40-54bd-4b79-a5fe-27cb53ec8dfb	100.000	30	0	0	6	35	374	403	2.23e-10	55.4
polyA_hook	da04603c-5620-45e1-8be3-0e54d577cef6	100.000	30	0	0	1	30	148	119	2.23e-10	55.4
polyA_hook	834c22ad-c313-479c-a782-619e553c6587	96.875	32	1	0	1	32	345	376	7.78e-10	54.5
polyA_hook	0ef8ce94-75cb-43c6-9729-12a8edd5c055	96.875	32	1	0	4	35	386	417	7.78e-10	54.5
polyA_hook	f42a3bea-3cda-4a19-9431-60461343c933	96.875	32	1	0	4	35	455	486	7.78e-10	54.5
polyA_hook	a6397488-fa32-4029-931e-5c7b41dbe850	97.059	34	0	1	3	35	482	515	7.78e-10	54.5
polyA_hook	24fb39a3-1522-4ac1-b353-7e886fc16763	94.444	36	0	1	2	35	148	113	7.78e-10	54.5
polyA_hook	23e69f03-7a14-4399-b743-4e4e4d8b5cd7	97.059	34	0	1	3	35	159	126	7.78e-10	54.5
polyA_hook	29d9087d-a487-48b1-ba76-a002833696f3	97.059	34	0	1	1	33	158	125	7.78e-10	54.5
polyA_hook	75c3f9a0-f3f0-4851-9034-57facdd4c54a	96.875	32	1	0	4	35	128	97	7.78e-10	54.5
polyA_hook	b41d3120-2557-4cf5-9175-8194fba2d462	100.000	29	0	0	7	35	330	358	7.78e-10	53.6
polyA_hook	32b0568c-cfb9-4e28-af20-5f83ba38d2f8	100.000	29	0	0	1	29	137	109	7.78e-10	53.6
polyA_hook	34fa5a69-cc98-4b0b-91a3-0495be6a6964	100.000	29	0	0	2	30	318	346	7.78e-10	53.6
polyA_hook	f2ec050a-17a3-430a-a1c7-467914a348c2	100.000	29	0	0	7	35	160	132	7.78e-10	53.6
polyA_hook	cc346370-2f78-45cf-94ed-bf6e3c8710f9	94.444	36	1	1	1	35	133	98	7.78e-10	53.6
polyA_hook	4bc97559-657f-4f48-a6b3-a4853f7c8147	94.118	34	2	0	1	34	567	600	7.78e-10	53.6
polyA_hook	6a9bf85e-74f4-42e8-911c-9273697ffd79	100.000	29	0	0	1	29	156	128	7.78e-10	53.6
polyA_hook	a1781795-22f2-4fef-a426-b8f72bbbbe06	100.000	29	0	0	7	35	497	525	7.78e-10	53.6
polyA_hook	0295ea81-4475-409d-8c6a-605fe6ed6731	100.000	29	0	0	7	35	558	586	7.78e-10	53.6
polyA_hook	9ec5dc3f-23ed-4719-aa4c-a663f65a1985	94.444	36	1	1	1	35	156	121	7.78e-10	53.6
polyA_hook	ffcb0243-69d9-4230-a0eb-5f099a09bc95	94.444	36	1	1	1	35	147	112	7.78e-10	53.6
polyA_hook	1906e663-87b9-4b80-aebc-af70d0a3a1b8	100.000	29	0	0	1	29	379	407	7.78e-10	53.6
polyA_hook	367e7b86-59b4-4d8e-a1a7-f4121e56a3da	94.444	36	1	1	1	35	150	115	7.78e-10	53.6
polyA_hook	05ecd13b-d3b9-4a67-8edb-c8364999c450	96.970	33	0	1	1	33	410	441	2.72e-09	52.7
polyA_hook	d5b1f1ab-7853-4f76-869f-663f3801d0e8	96.774	31	1	0	5	35	148	118	2.72e-09	52.7
polyA_hook	ee9fa5fd-b508-4375-8397-4e2e59f0d761	96.774	31	1	0	5	35	141	111	2.72e-09	52.7
polyA_hook	dd158a55-819c-478a-8f6b-e3e62c954500	94.286	35	0	1	1	35	484	516	2.72e-09	52.7
polyA_hook	9791207d-0301-4a65-80d1-407400f0f357	94.286	35	0	1	1	35	141	109	2.72e-09	52.7
polyA_hook	ab4c93ae-3c9d-4c37-a39e-4ea2d1425b6e	96.970	33	0	1	4	35	138	106	2.72e-09	52.7
polyA_hook	4967da73-8a86-470a-8aa0-6fa8fa434079	94.286	35	0	1	1	35	132	100	2.72e-09	52.7
polyA_hook	cc5ac644-109c-4107-bb7e-6c43c3181e7a	94.286	35	0	1	1	35	142	110	2.72e-09	52.7
polyA_hook	d2cdc048-19fd-4e97-9011-271f7c4e6673	96.970	33	0	1	3	35	420	451	2.72e-09	52.7
polyA_hook	527a476a-6505-4698-b470-33608350fa05	94.286	35	0	1	1	35	298	330	2.72e-09	52.7
polyA_hook	bca98f20-f60f-4a34-a2ec-a820a81d4018	94.286	35	1	1	1	35	138	105	2.72e-09	51.8
polyA_hook	a449b410-1cbb-49db-9932-2cc97ce1ba2d	93.939	33	2	0	3	35	144	112	2.72e-09	51.8
polyA_hook	fefa30ce-b31d-4ed4-8982-d4cfc4f1fb7a	100.000	28	0	0	3	30	141	114	2.72e-09	51.8
polyA_hook	da8ca8bc-cedd-4be9-ae50-e491afefb125	94.286	35	1	1	1	35	137	104	2.72e-09	51.8
polyA_hook	28ee2c03-dec2-4f9d-9bd3-ac0c287a2287	100.000	28	0	0	1	28	151	124	2.72e-09	51.8
polyA_hook	56f7df00-be52-4fe3-920e-adf835178c85	100.000	28	0	0	1	28	750	777	2.72e-09	51.8
polyA_hook	27c317b1-329f-4c1e-bc33-e4d1f0f37aa3	100.000	28	0	0	1	28	577	604	2.72e-09	51.8
polyA_hook	b446b8f3-fff4-4f08-8bf9-e55c9fa142e9	100.000	28	0	0	8	35	135	108	2.72e-09	51.8
polyA_hook	f9c4b20c-8412-4ecb-8894-7c2c03fa8dab	100.000	28	0	0	8	35	139	112	2.72e-09	51.8
polyA_hook	d89b9235-9733-4e99-b15d-98632ae20801	100.000	28	0	0	1	28	138	111	2.72e-09	51.8
polyA_hook	3c9cade2-76a7-4b73-9287-9855a2ddf02e	94.286	35	1	1	1	35	139	106	2.72e-09	51.8
polyA_hook	613597d3-b31d-421b-9ea2-4eee8059dfbd	94.286	35	1	1	1	35	166	133	2.72e-09	51.8
polyA_hook	a326d764-e68c-4fb1-b33b-e8644d069ba9	91.892	37	1	1	1	35	360	396	2.72e-09	51.8
polyA_hook	f2c2ae2b-47d1-4527-8033-6dd166fe1cad	93.939	33	2	0	3	35	143	111	2.72e-09	51.8
polyA_hook	e990bc10-d70d-4edd-b5c5-1a9885b3034a	100.000	28	0	0	1	28	141	114	2.72e-09	51.8
polyA_hook	c9a4cf9a-9f60-4508-b97e-74f48116100e	100.000	28	0	0	1	28	137	110	2.72e-09	51.8
polyA_hook	0e2cd51f-2db8-403a-9bab-5dd7519ecb02	93.939	33	2	0	1	33	423	455	2.72e-09	51.8
polyA_hook	5ada9499-0196-43ac-b7df-8a053402b8c1	91.892	37	1	1	1	35	433	469	2.72e-09	51.8
polyA_hook	06b3c849-731d-4066-b96e-147d51ce3f99	94.286	35	1	1	1	35	451	484	2.72e-09	51.8
polyA_hook	44fb1186-a292-4a15-9763-15dfe530c096	100.000	28	0	0	1	28	139	112	2.72e-09	51.8
polyA_hook	a51a0afe-940e-4260-9574-0e69cdc55b1d	91.429	35	3	0	1	35	354	388	9.48e-09	50.9
polyA_hook	861f6968-f71a-4e32-a614-30ab246164e8	96.667	30	1	0	6	35	139	110	9.48e-09	50.9
polyA_hook	d3aa7a8f-7446-4b30-ba4e-5532e832f541	94.118	34	0	1	2	35	143	112	9.48e-09	50.9
polyA_hook	006b4200-4c4d-459c-b826-bb01caa6e826	91.429	35	3	0	1	35	435	469	9.48e-09	50.9
polyA_hook	1867ce3c-e3db-4e15-8eda-5e951493287d	96.875	32	0	1	4	35	308	338	9.48e-09	50.9
polyA_hook	8dda3999-2e02-42fb-b77d-96be2551a11f	91.429	35	3	0	1	35	136	102	9.48e-09	50.9
polyA_hook	df0ed53c-9c14-4b70-aee1-ae59528a003e	96.667	30	1	0	1	30	137	108	9.48e-09	50.9
polyA_hook	6e89fc5b-e504-42ae-82d2-2758aabc61a0	96.667	30	1	0	1	30	137	108	9.48e-09	50.9
polyA_hook	5000bae2-3ca3-4e15-91d7-9e7e3bb39319	96.875	32	0	1	5	35	148	117	9.48e-09	50.9
polyA_hook	75375e8d-6428-40bd-b32c-3b7ab77a6981	100.000	27	0	0	1	27	140	114	9.48e-09	50.0
polyA_hook	de67b259-d0d2-4447-a3be-0c04f7f42d72	93.750	32	2	0	4	35	396	427	9.48e-09	50.0
polyA_hook	24a53417-4d5d-46d7-92ce-6fd2e70ab4d6	100.000	27	0	0	1	27	1157	1183	9.48e-09	50.0
polyA_hook	a172c9a1-0a5d-4dd7-9709-049e3f91405c	100.000	27	0	0	9	35	136	110	9.48e-09	50.0
polyA_hook	eb92dd68-9bdf-4900-94a3-7faa4c5c0181	93.750	32	2	0	4	35	416	447	9.48e-09	50.0
polyA_hook	4bf48f65-46fd-412d-8816-3220d19d7871	94.444	36	0	2	1	35	572	606	9.48e-09	50.0
polyA_hook	381434c4-646c-4b6f-a480-525ecb1d1585	100.000	27	0	0	9	35	659	685	9.48e-09	50.0
polyA_hook	ba9cd892-7c9f-4b2b-9abb-388a7c5d8746	100.000	27	0	0	2	28	141	115	9.48e-09	50.0
polyA_hook	f116b0fe-ce1c-46d7-a52f-4ccea0c162c9	100.000	27	0	0	1	27	544	570	9.48e-09	50.0
polyA_hook	3e1ab127-782b-4902-8f63-9a9b640559b2	94.118	34	1	1	1	34	521	553	9.48e-09	50.0
polyA_hook	c57e2f78-8b0c-4ebb-8456-78d05b042737	100.000	27	0	0	9	35	132	106	9.48e-09	50.0
polyA_hook	f8b5b90b-473b-4473-be60-0b7da770e92e	94.118	34	1	1	1	34	440	472	9.48e-09	50.0
polyA_hook	02ac8d62-c470-49a9-93db-fc58b932740e	93.750	32	2	0	1	32	148	117	9.48e-09	50.0
polyA_hook	bfbb23cb-0c3f-4562-83b8-ab46e195773b	100.000	27	0	0	9	35	596	622	9.48e-09	50.0
polyA_hook	d6ad7ee2-8e75-4b7d-85aa-084c2f61dafd	94.444	36	0	2	1	35	631	665	9.48e-09	50.0
polyA_hook	4d4d3033-9a4a-48df-b908-ca26e1bea313	94.444	36	0	2	1	35	214	248	9.48e-09	50.0
polyA_hook	c959c3ab-d3a4-4847-91b7-c1741669bf9b	96.552	29	1	0	7	35	258	286	3.31e-08	49.1
polyA_hook	ac37e7d3-2659-4ec5-adc8-e9e428128cd1	91.667	36	2	1	1	35	140	105	3.31e-08	49.1
polyA_hook	1f13acbf-a688-4c2b-bf44-84c162c8c179	91.667	36	2	1	1	35	526	561	3.31e-08	49.1
polyA_hook	4df2ecea-6fcf-4c27-95c8-7462e78a419f	91.667	36	2	1	1	35	466	501	3.31e-08	49.1
polyA_hook	4880bf17-f715-4436-8813-50ccef4abfee	96.774	31	0	1	1	30	148	118	3.31e-08	49.1
polyA_hook	e7860727-8a3f-44ac-8de8-d112ccc3815f	93.939	33	0	1	3	35	249	279	3.31e-08	49.1
polyA_hook	29f96558-d271-419e-b6ec-5e015d98100b	96.552	29	1	0	1	29	606	634	3.31e-08	49.1
polyA_hook	a4a4316f-62ae-4194-85fc-d846abfcd05f	96.552	29	1	0	1	29	539	567	3.31e-08	49.1
polyA_hook	7dc8844e-a0be-4217-925f-395d113083a2	96.774	31	0	1	1	30	144	114	3.31e-08	49.1
polyA_hook	e0c57ae4-8b94-4386-927e-bbd7b13d00ee	91.429	35	0	1	1	35	136	105	3.31e-08	49.1
polyA_hook	596e4e5a-2dd9-44d6-b7ca-11609eddd3ae	96.552	29	1	0	1	29	146	118	3.31e-08	49.1
polyA_hook	9832b35c-8e45-461d-b184-f9fbec75b4e0	93.939	33	0	1	3	35	137	107	3.31e-08	49.1
polyA_hook	530438b3-4933-4c77-836e-9869bb10d01f	91.667	36	2	1	1	35	470	505	3.31e-08	49.1
polyA_hook	52030311-621c-4a14-beb4-27846e7647d0	96.774	31	0	1	1	30	154	124	3.31e-08	49.1
polyA_hook	9f161dfb-d481-4950-b2c9-d4eeb9e99113	91.429	35	0	1	1	35	128	97	3.31e-08	49.1
polyA_hook	8d26a969-9949-40f5-a3fb-2e925d5438b8	96.774	31	0	1	5	35	138	109	3.31e-08	49.1
polyA_hook	d5363716-4d42-40bf-8b5c-428d611395f1	91.429	35	1	1	1	35	875	907	3.31e-08	48.2
polyA_hook	a16a8155-38e5-4382-9d2e-6f54871b7a57	93.939	33	1	1	1	32	438	470	3.31e-08	48.2
polyA_hook	1754603d-145f-4efc-a4e4-89fc67feef95	91.429	35	1	1	1	35	387	419	3.31e-08	48.2
polyA_hook	336df36e-51c8-4074-8d65-8b57fe50f466	100.000	26	0	0	1	26	144	119	3.31e-08	48.2
polyA_hook	747f52cb-c5a9-46df-bcba-98f730cc41d6	100.000	26	0	0	10	35	135	110	3.31e-08	48.2
polyA_hook	3707cf76-03cb-4b70-9537-6e5f91046269	93.548	31	2	0	3	33	137	107	3.31e-08	48.2
polyA_hook	7bc20f8c-d817-4d6e-8ae2-1798fb08194b	93.939	33	1	1	3	35	454	485	3.31e-08	48.2
polyA_hook	6afc80e7-0f38-4be7-84e8-8185a1c34286	93.548	31	2	0	5	35	377	407	3.31e-08	48.2
polyA_hook	17949b64-e6ee-4cab-9c3c-99f5dd159728	100.000	26	0	0	1	26	476	501	3.31e-08	48.2
polyA_hook	3faf9442-ead0-431a-a279-20cd4636ee6e	100.000	26	0	0	1	26	147	122	3.31e-08	48.2
polyA_hook	78fbd3e5-87d6-47b0-94ab-be269e1f354a	100.000	26	0	0	4	29	130	105	3.31e-08	48.2
polyA_hook	06c0552e-b244-4e92-9392-ee3d110d98d4	100.000	26	0	0	10	35	467	492	3.31e-08	48.2
polyA_hook	98ef06dd-f64b-4bcf-b0ac-6a0c238d06dc	100.000	26	0	0	1	26	380	405	3.31e-08	48.2
polyA_hook	acb5f8e7-93fb-406c-a62f-873fcce2612d	90.909	33	3	0	1	33	774	806	1.15e-07	47.3
polyA_hook	1d160445-a6bf-4f0c-bfa3-c2f9ace8efab	91.176	34	0	1	2	35	435	465	1.15e-07	47.3
polyA_hook	84e27dc7-0a5a-4443-9a16-459a9857bad8	91.429	35	2	1	1	35	412	445	1.15e-07	47.3
polyA_hook	0fa15c6e-5c27-47d5-a168-ff4dbdca3eab	91.429	35	2	1	1	35	141	108	1.15e-07	47.3
polyA_hook	d396471b-1972-4ef2-95c8-59da133988f5	91.429	35	2	1	1	35	551	584	1.15e-07	47.3
polyA_hook	8d983f0d-cc17-4c0f-820b-cb886678d31d	96.429	28	1	0	8	35	626	653	1.15e-07	47.3
polyA_hook	83a032cf-df35-4f7d-a8a6-2521c0326fbf	91.429	35	2	1	1	34	1094	1128	1.15e-07	47.3
polyA_hook	bd092f99-ccaa-4a21-a0c2-a2d5a8439b40	96.429	28	1	0	8	35	137	110	1.15e-07	47.3
polyA_hook	b2a75080-9b7b-4f0f-9d20-c2b82ff94a38	100.000	25	0	0	11	35	125	101	1.15e-07	46.4
polyA_hook	40192dd2-d738-4c03-a15f-1a0ed6161d2a	100.000	25	0	0	11	35	138	114	1.15e-07	46.4
polyA_hook	4239b3bc-eb8e-4d7f-ba3d-8a866f6a91c2	88.571	35	4	0	1	35	449	483	1.15e-07	46.4
polyA_hook	f47e5d2a-f651-4b81-878b-4707a33b56c8	100.000	25	0	0	11	35	139	115	1.15e-07	46.4
polyA_hook	50b02518-77f3-4832-8171-7b84aad014b3	88.571	35	4	0	1	35	453	487	1.15e-07	46.4
polyA_hook	b356329d-3313-4ced-b5b3-5300f1861d96	93.333	30	2	0	1	30	469	498	1.15e-07	46.4
polyA_hook	1c20cea8-9b07-4cdb-92fe-4d67e40f0297	100.000	25	0	0	11	35	126	102	1.15e-07	46.4
polyA_hook	3b20373b-231b-43fa-ba06-c88f61497280	100.000	25	0	0	2	26	142	118	1.15e-07	46.4
polyA_hook	e4f3c14e-7f0c-40af-940f-45b50460e4a5	88.571	35	4	0	1	35	607	641	1.15e-07	46.4
polyA_hook	a4a62669-4f6f-4a22-bb22-59b98bdb62cb	88.571	35	4	0	1	35	491	525	1.15e-07	46.4
polyA_hook	c786b5da-5e23-4465-b55d-29dcf67ecd67	93.750	32	1	1	5	35	155	124	1.15e-07	46.4
polyA_hook	22408057-f6dd-4a98-8ec8-84ae7f7edc2d	88.571	35	4	0	1	35	970	1004	1.15e-07	46.4
polyA_hook	bb9bb3e0-a8f3-4329-a126-14691dd7bbde	88.571	35	4	0	1	35	545	579	1.15e-07	46.4
polyA_hook	459c9ce3-9185-4848-80d3-dd84e4b0bf8c	88.571	35	4	0	1	35	208	242	1.15e-07	46.4
polyA_hook	1b567559-984b-4909-911a-fd88ad840c2a	93.333	30	2	0	6	35	137	108	1.15e-07	46.4
polyA_hook	17c87bdb-82df-4b60-be29-b6858a502d40	88.571	35	4	0	1	35	346	380	1.15e-07	46.4
polyA_hook	b71dc9ac-108c-4ecc-b2a9-8c99e39ab5e2	93.333	30	2	0	1	30	407	436	1.15e-07	46.4
polyA_hook	c10da34f-ec3d-42b5-881c-0afd8a26fef4	88.571	35	4	0	1	35	440	474	1.15e-07	46.4
polyA_hook	6bd2f553-7497-4943-b92f-d8815b1fb4b1	90.909	33	0	1	3	35	118	89	4.03e-07	45.5
polyA_hook	db6b59b9-a9d8-40c0-a202-6417ce99fe01	91.176	34	2	1	3	35	135	102	4.03e-07	45.5
polyA_hook	d8753d6b-6dec-4392-8f6e-d5ec286ef531	96.296	27	1	0	2	28	552	578	4.03e-07	45.5
polyA_hook	b78d1c65-7446-4bd7-9a6f-9e8bd9d5ccb8	96.296	27	1	0	6	32	131	105	4.03e-07	45.5
polyA_hook	8d06e8d3-aa0c-4bc9-87dd-55da733c2da7	91.176	34	2	1	2	35	150	118	4.03e-07	45.5
polyA_hook	f3cac5a6-914f-4b2c-a7a6-6a0a2b0bbef6	100.000	24	0	0	12	35	347	370	4.03e-07	44.6
polyA_hook	0061d030-2649-45be-9975-225e68ae2edd	100.000	24	0	0	12	35	531	554	4.03e-07	44.6
polyA_hook	1ebe3ead-532e-40fa-bcfe-06e8e9fd9277	93.548	31	1	1	5	35	544	573	4.03e-07	44.6
polyA_hook	7da23a1b-61d3-41c4-a003-41ab425f25e4	93.939	33	0	2	4	35	142	111	4.03e-07	44.6
polyA_hook	97c3ce10-c37c-48ba-b164-d9231050b564	100.000	24	0	0	12	35	129	106	4.03e-07	44.6
polyA_hook	965c2085-bb7e-40bc-8aea-198e50c73855	100.000	24	0	0	12	35	118	95	4.03e-07	44.6
polyA_hook	8fb3994d-4a97-4a5e-a279-58d8de6cfbbe	93.103	29	2	0	7	35	617	645	4.03e-07	44.6
polyA_hook	c4f527ee-9ee0-4258-a63f-bc000f035b50	89.189	37	0	2	1	35	463	497	4.03e-07	44.6
polyA_hook	c6cd164c-a571-4087-b8ad-cadc94a0b65e	96.154	26	1	0	3	28	455	480	1.41e-06	43.7
polyA_hook	c5eba96d-06ad-4a01-a3cc-55aa87803b02	88.571	35	2	1	1	35	309	341	1.41e-06	43.7
polyA_hook	b5bb358f-00a6-48c2-9f79-59ed54f0ffe2	96.154	26	1	0	1	26	146	121	1.41e-06	43.7
polyA_hook	26f485e0-7389-4aae-8638-0ae6814ebb5c	96.154	26	1	0	10	35	129	104	1.41e-06	43.7
polyA_hook	99351063-26e2-4689-8a75-afafe3f759ca	90.909	33	2	1	3	35	465	496	1.41e-06	43.7
polyA_hook	15253be3-f939-4a4b-937c-0d51cc5b94a0	96.429	28	0	1	8	35	525	551	1.41e-06	43.7
polyA_hook	c7169b2f-144d-439d-a895-438b66b09db2	96.429	28	0	1	4	30	128	101	1.41e-06	43.7
polyA_hook	51034e75-4261-4f94-9752-05c4b6adae95	96.429	28	0	1	1	28	710	736	1.41e-06	43.7
polyA_hook	b015052b-9a96-4daa-ab55-ea47e75bcd62	96.154	26	1	0	10	35	138	113	1.41e-06	43.7
polyA_hook	ec7d2b9f-da58-41f2-94fc-eeb7b0018d7e	100.000	23	0	0	13	35	134	112	1.41e-06	42.8
polyA_hook	6c711e94-bb2f-4737-b811-bf8658364dd5	100.000	23	0	0	13	35	147	125	1.41e-06	42.8
polyA_hook	151c09b0-ba68-4b77-91dd-c1a986282b81	100.000	23	0	0	4	26	139	117	1.41e-06	42.8
polyA_hook	eb6c6a4a-6452-4cb4-8780-6e05d5cad5b7	92.857	28	2	0	8	35	131	104	1.41e-06	42.8
polyA_hook	47670ca1-1942-4f2c-af17-2e391aea4d4a	100.000	23	0	0	1	23	158	136	1.41e-06	42.8
polyA_hook	3b77e19a-59b6-4662-b620-ae4897775c6d	100.000	23	0	0	13	35	116	94	1.41e-06	42.8
polyA_hook	74a09d06-7b46-4914-838a-cb50750b4179	87.879	33	4	0	1	33	307	339	1.41e-06	42.8
polyA_hook	09b32caa-5848-4cbe-897c-fe09f43273f2	100.000	23	0	0	13	35	134	112	1.41e-06	42.8
polyA_hook	3526c17f-6c15-4ea6-b655-68b4b4d6eb8a	93.333	30	1	1	6	35	486	514	1.41e-06	42.8
polyA_hook	43919915-0611-42cd-a839-4dbe018047f6	100.000	23	0	0	13	35	138	116	1.41e-06	42.8
polyA_hook	e5c2658f-279d-4874-bf3d-84cd66c3a094	88.571	35	3	1	1	35	494	527	1.41e-06	42.8
polyA_hook	2a292abf-b335-4036-9eaf-5b56131ccbe3	96.000	25	1	0	8	32	134	110	4.91e-06	41.9
polyA_hook	55c8a1b7-2f7c-4494-9d80-da29dbc916d3	90.625	32	2	1	1	32	398	428	4.91e-06	41.9
polyA_hook	dc144d0d-ae3c-4096-810b-559ddf9abd40	85.714	35	5	0	1	35	699	733	4.91e-06	41.9
polyA_hook	59b99675-0e55-4ddb-abfc-f6a4bc58fac2	90.000	30	3	0	1	30	323	352	4.91e-06	41.9
polyA_hook	4c0783b6-a329-4461-9b41-2732caaefaf5	85.714	35	5	0	1	35	427	461	4.91e-06	41.9
polyA_hook	81ace1fd-3015-48c8-9289-d7cb2e553b7d	88.889	36	1	2	1	35	388	421	4.91e-06	41.9
polyA_hook	e0dba5d0-6f1c-4d7b-9c82-8ff85f3550ac	90.000	30	3	0	1	30	149	120	4.91e-06	41.9
polyA_hook	fce71baa-fc22-427e-bb97-631c35a52c7d	92.593	27	2	0	1	27	379	405	4.91e-06	41.0
polyA_hook	183871af-ae65-4576-a445-1595b2d6ba3a	100.000	22	0	0	1	22	144	123	4.91e-06	41.0
polyA_hook	3636e336-cd0d-4d43-bd2a-51347d4c99db	100.000	22	0	0	1	22	363	384	4.91e-06	41.0
polyA_hook	cac2e275-de9a-4c84-aed4-acd0f697dd62	100.000	22	0	0	11	32	127	106	4.91e-06	41.0
polyA_hook	649584dd-2ecf-45e7-86b7-67259455da5a	100.000	22	0	0	1	22	409	430	4.91e-06	41.0
polyA_hook	bc072d9a-7085-4bf6-ac2d-68d2d75295aa	100.000	22	0	0	14	35	132	111	4.91e-06	41.0
polyA_hook	0c520eab-7a67-4551-97a7-4882517ba25a	100.000	22	0	0	14	35	130	109	4.91e-06	41.0
polyA_hook	9ca030b4-2320-4d82-a8c1-60c906057037	87.500	32	4	0	4	35	442	473	4.91e-06	41.0
